name,description,centroid_lon,centroid_lat,bbox_west,bbox_south,bbox_east,bbox_north
ML6/2,,-1.8429748061816391,6.440067829463657,-1.8583333333,6.4166666667,-1.8333333333,6.4583333333
ML2/6,,-2.2277636054470635,6.167049319738464,-2.2375,6.1458333333,-2.2166666667,6.1916666667
SL1/86,,0.4686805555569223,5.824541666671888,0.4291666667,5.7875,0.5083333333,5.8666666667
SL1/87,,0.5443749999776,5.814930555545889,0.5041666667,5.7791666667,0.5833333333,5.85
QL6/565,,-1.6585416666812502,6.288958333331249,-1.6608333333,6.2875,-1.6566666667,6.29
SSMP 618 CR,,-1.5666437505421513,5.578217833897997,-1.5681055555555556,5.576822222222222,-1.5651833333333334,5.579613888888889
AR/1440,,-1.2992935380086437,6.395846988298843,-1.300836111111111,6.394444444445,-1.2975055555555555,6.397505555555556
ER/835,,-0.6594642856653061,6.357321428540815,-0.6608333333,6.3558333333,-0.6583333333,6.3583333333
SSMP/ER/236,,-0.8925055555555556,6.478334722222221,-0.8933305555555555,6.476386111111111,-0.8916805555555556,6.480283333333333
SSMP/AR/2000,,-1.9543333333320003,6.155250000018,-1.9558333333,6.1541666667,-1.9525,6.1566666667
SSMP/5/1351,,-0.8201893939599171,6.264128787888014,-0.8216666667,6.2616666667,-0.8191666667,6.2658333333
WR/1583,,-2.152992424278926,5.382613636366116,-2.1541666667,5.3808333333,-2.1516666667,5.3841666667
SSMP/WR/338,,-1.9483333333500001,5.9087499999999995,-1.95,5.9075,-1.9466666667,5.91
SSMP/15/1,,-2.157499999966666,8.570833333349999,-2.16,8.5691666667,-2.155,8.5725
SSMP/15/2,,-2.1537500000125,8.560624999974998,-2.155,8.5583333333,-2.1516666667,8.5625
AR/237,,-1.9678472222201382,6.087152777792359,-1.97,6.085,-1.9658333333,6.0891666667
SSMP/AR/2157,,-1.45000000004375,6.388854166662501,-1.4516666667,6.3866666667,-1.4491666667,6.3908333333
SSMP/AR/2193,,-1.6770833332999997,6.3225,-1.6783333333,6.3208333333,-1.6758333333,6.3241666667
PL6/310 (Adubea),,-1.9397817460489797,6.40512566137139,-1.9541666667,6.3833333333,-1.925,6.425
SSMP/5/1347,,-0.8132196969801652,6.257159090876859,-0.815,6.2558333333,-0.8116666667,6.2583333333
WR/2142,,-1.6094453698593352,5.451531249619972,-1.6111111111,5.4502777778,-1.6077777778,5.4527833333333335
SSMP/2/2399,,-2.64666666665,5.744583333300001,-2.6483333333,5.7433333333,-2.645,5.7458333333
PL9/19,,-0.7495563161112172,10.727279498222696,-0.7883333333,10.6722222222,-0.7008333333,10.7872222222
MC/SSMP/CR/1208,,-2.01416666665,6.289583333299999,-2.0158333333,6.2883333333,-2.0125,6.2908333333
AR/1741,,-1.4920833332999999,5.88166666665,-1.4933333333,5.88,-1.4908333333,5.8833333333
CR/1021,,-1.99083333335,6.100555555572501,-1.9927777778,6.099444444445,-1.9888888889,6.1016666667
SSMP-3/563,,-1.99083333335,6.100555555572501,-1.9927777778,6.099444444445,-1.9888888889,6.1016666667
SSMP/WR/227,,-2.21145833331875,4.95437499996875,-2.2133333333,4.9533333333,-2.2091666667,4.9558333333
CR/240,,-1.5348455110997297,5.926599074758791,-1.5373277777777778,5.925283333333334,-1.5323611111,5.927919444444444
SSMP/5/1349,,-0.8134166666860001,6.260833333290001,-0.8141666667,6.2583333333,-0.8125,6.2633333333
SSMP/5/1353,,-0.83416666665,6.3004166667,-0.8358333333,6.2991666667,-0.8325,6.3016666667
ER/831,,-0.6679164931632784,6.348335416578591,-0.6691666667,6.3466666667,-0.6666666667,6.350002777777778
AR/369,,-1.9829161458020772,6.10166705252378,-1.9841666667,6.1,-1.981663888888889,6.1033333333
SSMP/AHR/14,,-0.8420833332999998,6.30833333335,-0.8433333333,6.3066666667,-0.8408333333,6.31
ER/1235,,-0.9987500000000001,6.434583333299999,-1.0,6.4333333333,-0.9975,6.4358333333
AR/2179,,-1.7576602564233725,6.090096153853253,-1.76,6.0891666667,-1.755,6.0916666667
NR/3,,-2.303583333338,8.932333333338002,-2.305,8.9308333333,-2.3025,8.9341666667
CR/1074,,-1.8179166667000002,6.00375,-1.8191666667,6.0025,-1.8166666667,6.005
SSMP/5/1352,,-0.82375,6.269999999999999,-0.825,6.2675,-0.8225,6.2725
ER/833,,-0.6704924242714876,6.3567803030049586,-0.6716666667,6.355,-0.6691666667,6.3583333333
SSMP/ER/100,,-0.7065661313809164,6.301471782259956,-0.708625,6.30005,-0.7045111111111111,6.302891666666667
ER/107,,-0.7100000000000001,6.302083333300001,-0.7116666667,6.3008333333,-0.7083333333,6.3033333333
CR/1033,,-1.6216666666500004,5.923752777794444,-1.6225,5.923338888888889,-1.6208333333,5.9241666667
SSMP-3/1046,,-1.6754660495679543,5.923893560429825,-1.6769611111111111,5.921763888888889,-1.6738027777777778,5.925988888888889
ER/650,,-0.5694444444611111,6.380694444436109,-0.5708333333,6.3783333333,-0.5666666667,6.3825
ER/942,,-0.5970833333000001,6.164166666650001,-0.5983333333,6.1625,-0.5958333333,6.1658333333
AR/1605,,-1.6726972222222225,5.9168574074074085,-1.6741694444444444,5.914172222222223,-1.6713777777777779,5.919183333333334
SSMP/WR/171,,-2.0089583333124996,5.2679166666875,-2.01,5.2666666667,-2.0083333333,5.2691666667
SSMP-LAYER/1313,,-2.4245833333125,6.8190277777625,-2.4275,6.8166666667,-2.4225,6.8208333333
WR/316,,-2.135442474473465,5.3933435848829445,-2.1388777777777777,5.390405555555556,-2.1320055555555557,5.396280555555555
SSMP-NIM-GH/1836,,-2.898125000025,5.805208333325,-2.8991666667,5.8033333333,-2.8966666667,5.8075
SSMP-3/1393,,-1.5813886167202407,5.791445773630173,-1.5823222222222222,5.789661111111111,-1.5804666666666667,5.793205555555556
CR/4444,,-1.5174863675105115,5.890135480364452,-1.519211111111111,5.888411111111111,-1.5157527777777777,5.891830555555556
ML2/56,,-2.380120716508564,6.296378504665506,-2.4041666667,6.25,-2.3583333333,6.3458333333
SSMP/5/2139,,-0.720250000024,6.451166666662,-0.7216666667,6.45,-0.7183333333,6.4525
SSMP/5/2140,,-0.6875000000000001,6.462083333300001,-0.6891666667,6.4608333333,-0.6858333333,6.4633333333
SSMP/6/2291,,-2.00375,6.326666666649999,-2.005,6.325,-2.0025,6.3283333333
MC/SSMP/6/2568,,-1.7379166667000001,6.155833333349999,-1.7391666667,6.1541666667,-1.7366666667,6.1575
SSMP/2/2395,,-2.1570833333,5.350000000000001,-2.1583333333,5.3483333333,-2.1558333333,5.3516666667
SSMP/5/2016,,-0.6879166667000002,6.2795833333,-0.6891666667,6.2783333333,-0.6866666667,6.2808333333
SSMP/5/1760,,-1.5283333333500002,5.9220833333,-1.53,5.9208333333,-1.5266666667,5.9233333333
MC./SSMP/6/2410,,-1.7570833333500002,6.274166666650001,-1.7591666667,6.2733333333,-1.755,6.275
PL6/21 (Esaase),,-1.9674479166901147,6.520192307690773,-2.0166666667,6.4916666667,-1.9166666667,6.5458333333
SSMP-NIM-6/1846,,-1.6121666666890002,6.435416666695,-1.6141666667,6.4341666667,-1.61,6.4366666667
MC./SSMP/3/1339,,-1.5705833333560002,5.553500000005999,-1.5716666667,5.5516666667,-1.5691666667,5.555
SSMP-NIM-3/1851,,-1.5987499999785715,5.726130952376531,-1.6,5.725,-1.5966666667,5.7275
SSMP/6/2777,,-2.0412500000000002,6.551736111102083,-2.0441666667,6.5508333333,-2.0383333333,6.5525
SSMP-NIM-5/1845,,-0.8197916666875001,6.504479166640624,-0.8216666667,6.5033333333,-0.8183333333,6.5058333333
MC/SSMP/6/2429,,-1.5889166666620003,6.340083333326,-1.59,6.3391666667,-1.5875,6.3408333333
SSMP-NIM-6/1835,,-1.6800833333379999,6.262249999975999,-1.6808333333,6.2608333333,-1.6791666667,6.2633333333
SSMP-NIM-12/1849,,-2.11083333335,7.040416666699999,-2.1125,7.0391666667,-2.1091666667,7.0416666667
SSMP-NIM-6/1834,,-1.6804166667000002,6.267500000000001,-1.6816666667,6.2666666667,-1.6791666667,6.2683333333
SSMP-NIM-6/1833,,-1.6804166667000002,6.26916666665,-1.6816666667,6.2683333333,-1.6791666667,6.27
SSMP/3/1278,,-1.8283333333624998,6.027916666712501,-1.8291666667,6.0266666667,-1.8275,6.0291666667
SSMP-NIM-6/1832,,-1.6779166667000003,6.26916666665,-1.6791666667,6.2683333333,-1.6766666667,6.27
SSMP/6/2586,,-1.7631944444499996,6.231111111066666,-1.7641666667,6.2291666667,-1.7625,6.2333333333
SSMP-NIM-3/1838,,-1.8157291666781248,6.0204166666687495,-1.8166666667,6.0183333333,-1.815,6.0225
SSMP-NIM-3/1841,,-1.8087500000000003,6.02583333335,-1.81,6.0241666667,-1.8075,6.0275
SSMP-NIM-3/1840,,-1.8114772727347104,6.016704545442148,-1.8141666667,6.0158333333,-1.8091666667,6.0175
SSMP/5/2098,,-0.8554166667,6.26916666665,-0.8566666667,6.2675,-0.8541666667,6.2708333333
SSMP-NIM-3/1673,,-1.80858333335,6.024083333319999,-1.81,6.0233333333,-1.8075,6.025
SSMP/5/2095,,-0.85875,6.27,-0.86,6.2683333333,-0.8575,6.2716666667
SSMP/5/2096,,-0.85625,6.2641666666499995,-0.8575,6.2625,-0.855,6.2658333333
SSMP-NIM-3/1839,,-1.8110119047724484,6.015059523805102,-1.8125,6.0141666667,-1.8091666667,6.0158333333
MC/SSMP/3/1394,,-1.495583333362,5.859833333338001,-1.4966666667,5.8583333333,-1.4941666667,5.8616666667
SSMP/6/2776,,-2.038194444433333,6.554027777754164,-2.04,6.5525,-2.0358333333,6.5558333333
SSMP-NIM-12/1821,,-2.3995833333,6.6274999999999995,-2.4008333333,6.6258333333,-2.3983333333,6.6291666667
SSMP-NIM-3/1843,,-1.58375,5.74333333335,-1.585,5.7416666667,-1.5825,5.745
SSMP-NIM-6/1844,,-1.615,6.155416666699999,-1.6166666667,6.1541666667,-1.6133333333,6.1566666667
SSMP/6/2699,,-1.7255208333593746,6.293645833340624,-1.7266666667,6.2925,-1.7241666667,6.295
SSMP/5/2149,,-0.7024999999999999,6.348333333349999,-0.705,6.3475,-0.7,6.3491666667
MC/SSMP/5/2137,,-0.7022916666500001,6.3510416666500005,-0.7033333333,6.3491666667,-0.7008333333,6.3533333333
MC/SSMP/5/2150,,-0.7045833333,6.355000000000001,-0.7058333333,6.3533333333,-0.7033333333,6.3566666667
SSMP/5/2136,,-0.7020833333000001,6.3549999999999995,-0.7033333333,6.3533333333,-0.7008333333,6.3566666667
SSMP/5/1361,,-0.914097222213194,6.370763888900692,-0.9158333333,6.3691666667,-0.9125,6.3725
SSMP/5/1362,,-0.92166666665,6.3716666667,-0.9225,6.3691666667,-0.9208333333,6.3741666667
SSMP-NIM-5/1618,,-0.7125694444520834,6.341736111081251,-0.7141666667,6.34,-0.7108333333,6.3433333333
SSMP/11/11,,-2.323166666698,6.386583333374001,-2.3241666667,6.385,-2.3216666667,6.3891666667
MC./SSMP/6/2248,,-1.782175925898148,5.99476851849074,-1.7841666667,5.9933333333,-1.7808333333,5.9958333333
SSMP/ER/2115,,-0.6979166667,6.46,-0.6991666667,6.4583333333,-0.6966666667,6.4616666667
SSMP/ER/2110,,-0.6878409091231403,6.468219696980166,-0.6891666667,6.4666666667,-0.6866666667,6.47
SSMP/ER/2109,,-0.7274404761887756,6.452678571440817,-0.7283333333,6.4508333333,-0.7266666667,6.4541666667
MC./SSMP/5/2083,,-0.8615277777775,6.264583333300002,-0.863055555555,6.2633333333,-0.86,6.2658333333
SSMP/5/1354,,-0.45910714284081644,6.3591071428336745,-0.4608333333,6.3575,-0.4575,6.36
SSMP/6/2308,,-1.725083333326,6.033916666662,-1.7258333333,6.0325,-1.7241666667,6.035
SSMP/3/1334,,-2.0243055555444442,6.232361111105557,-2.025,6.2316666667,-2.0233333333,6.2333333333
SSMP/3/1262,,-1.831845238063265,6.026130952388775,-1.8333333333,6.025,-1.8308333333,6.0275
SSMP/9/374,,-0.8929166667000001,10.709999999999999,-0.8941666667,10.7083333333,-0.8916666667,10.7116666667
MC./SSMP/9/288,,-0.8924305555611113,10.72993055556111,-0.8933333333,10.7266666667,-0.8916666667,10.7325
SSMP/9/290,,-0.9074999999999999,10.7333333333,-0.9083333333,10.7308333333,-0.9066666667,10.7358333333
SSMP/9/312,,-0.9063194444166667,10.729930555583334,-0.9083333333,10.7275,-0.905,10.7316666667
MC/SSMP/9/311,,-0.9049999999999998,10.733402777795833,-0.9066666667,10.7316666667,-0.9033333333,10.735
SSMP/9/296,,-0.8975694444472222,10.738819444447222,-0.9,10.7375,-0.8958333333,10.74
SSMP/9/326,,-0.8972222221833338,10.72819444440833,-0.9,10.7258333333,-0.8958333333,10.73
MC/SSMP/9/325,,-0.91083333335,10.727916666700002,-0.9125,10.7266666667,-0.9091666667,10.7291666667
SSMP-NIM-9/1847,,-0.9095486111159962,10.725703125012657,-0.9125,10.725,-0.9066666667,10.7266666667
SSMP-NIM-5/1608,,-1.0004166667,6.44666666665,-1.0016666667,6.445,-0.9991666667,6.4483333333
MC./SSMP/6/2751,,-1.7000000000000002,6.27583333335,-1.7008333333,6.275,-1.6991666667,6.2766666667
MC/SSMP/9/315,,-0.8962500000045458,10.734128787861984,-0.8983333333,10.7325,-0.8941666667,10.7358333333
SSMP-NIM-3/1837,,-1.5878472222451392,5.740972222226388,-1.59,5.7391666667,-1.5866666667,5.7433333333
SSMP-NIM-3/1852,,-1.5877976190091838,5.738630952394898,-1.59,5.7375,-1.585,5.7391666667
SSMP-NIM-3/1854,,-1.58583333335,5.741666666700001,-1.5866666667,5.7391666667,-1.585,5.7441666667
MC/SSMP/5/2053,,-0.6608333333500002,6.285,-0.6625,6.2841666667,-0.6591666667,6.2858333333
SSMP-NIM-3/1853,,-1.5837499999999998,5.74,-1.585,5.7383333333,-1.5825,5.7416666667
MC/SSMP/5/2158,,-0.5297499999759998,6.359916666661999,-0.5308333333,6.3591666667,-0.5283333333,6.3608333333
MC/SSMP/12/28,,-2.3203240740919755,7.0410648148172825,-2.3216666667,7.04,-2.3183333333,7.0425
MC/SSMP/12/27,,-2.322083333295454,7.01587121213843,-2.3233333333,7.0141666667,-2.32,7.0175
MC/SSMP/12/29,,-2.3204166667000004,7.038333333349999,-2.3216666667,7.0366666667,-2.3191666667,7.04
MC/SSMP/12/18,,-2.3177651515119835,7.038749999995454,-2.3191666667,7.0366666667,-2.3158333333,7.04
MC/SSMP/12/26,,-2.3245833332999997,7.01666666665,-2.3258333333,7.015,-2.3233333333,7.0183333333
SSMP/3/1286,,-1.8257638889013887,6.028263888901389,-1.8266666667,6.025,-1.825,6.0308333333
SSMP-LAYER/1516,,-1.6080357143163264,6.151845238081633,-1.6091666667,6.1508333333,-1.6066666667,6.1533333333
SSMP/6/2491,,-1.6987500000000002,6.297499999999999,-1.7008333333,6.2966666667,-1.6966666667,6.2983333333
SSMP-NIM-6/1853,,-1.6758333333499997,6.3,-1.6775,6.2991666667,-1.6741666667,6.3008333333
SSMP/ER/2106,,-0.698657407415432,6.464953703710492,-0.7,6.4633333333,-0.6975,6.4666666667
SSMP-NIM-6/1847,,-1.6958333333625,6.216666666649999,-1.6975,6.215,-1.6941666667,6.2183333333
SSMP-NIM-5/1845,,-1.01,6.43875,-1.0116666667,6.4375,-1.0083333333,6.44
SSMP-NIM-5/1842,,-1.0104924242714879,6.444053030295043,-1.0116666667,6.4425,-1.0091666667,6.4458333333
SSMP/ER/2108,,-0.6879166667000002,6.465000000000001,-0.6891666667,6.4633333333,-0.6866666667,6.4666666667
SSMP/ER/2107,,-0.7048863636190082,6.4678409091157025,-0.7066666667,6.4666666667,-0.7033333333,6.4691666667
SSMP/ER/2103,,-0.6995833333499999,6.46333333335,-0.7,6.4625,-0.6991666667,6.4641666667
PL12/5,,-2.43541666665,6.699999999999999,-2.5,6.65,-2.3708333333,6.75
PL5/241,,-0.8704489370005064,6.124757972669382,-0.9166666667,6.0833333333,-0.8083333333,6.1666666667
PL-3/818,,-1.6760833333554175,5.733719696983495,-1.725,5.6666666667,-1.6416666667,5.7833333333
PL (G)-5/841,,-0.4698028673690528,6.179121863810081,-0.5,6.1125,-0.4333333333,6.2291666667
PL3/102,,-1.1410191441379525,5.216019144182884,-1.1666666667,5.1666666667,-1.1,5.2416666667
PL3/106,,-1.2103013461248877,5.232596069578444,-1.2666666667,5.1166666667,-1.1001611111111111,5.321069444444444
PL2/206 (Hiawa),,-2.2006944444486662,5.610611111112413,-2.25,5.5583333333,-2.1541666667,5.6666666667
PL2/634,,-2.3833580369020515,5.39533926216537,-2.4166666667,5.3333333333,-2.3333333333,5.4791666667
PL2/483,,-2.3119011471170037,5.376037449406511,-2.3583333333,5.3416666667,-2.2666666667,5.4083333333
PL-6/811,,-1.8788471370067161,6.8516998977437655,-1.95,6.7708333333,-1.8333333333,6.9
PL5/289,,-0.6830043859447139,6.373099415190853,-0.7208333333,6.3583333333,-0.6416666667,6.3875
PL (G)-3/835,,-0.8875,5.34166666665,-0.9083333333,5.325,-0.8666666667,5.3583333333
PL (G)-2/840,,-1.8383928571489794,5.473214285702041,-1.8666666667,5.4708333333,-1.8125,5.4791666667
PL7/180,,-2.8317720883276096,7.320286144589108,-2.925,7.2666666667,-2.75,7.3791666667
PL9/54,,-0.7396128841665902,10.956294326250331,-0.775,10.9208333333,-0.6958333333,10.9916666667
PL3/122,,-1.6270192307840534,5.7150961538441125,-1.6416666667,5.6666666667,-1.6,5.75
PL9/37,,-0.8848473122077957,10.894565559760835,-0.9291666667,10.8166666667,-0.8372222222,10.9916666667
PL7/184,,-2.225817812807817,7.670051337129287,-2.3166666667,7.525,-2.1375,7.7791666667
PL7/185,,-2.1533491561175895,8.009177215223014,-2.175,7.95,-2.1291666667,8.0666666667
PL7/182,,-2.14081834533053,7.92946942448694,-2.2125,7.8041666667,-2.075,8.075
PL7/181,,-2.225817812807817,7.670051337129287,-2.3166666667,7.525,-2.1375,7.7791666667
PL2/35/VOL2,,-2.163988095222449,5.356845238077551,-2.1708333333,5.3416666667,-2.1541666667,5.3708333333
PL5/272,,-0.8793103448447018,6.352658045957467,-0.9208333333,6.3083333333,-0.825,6.4291666667
PL2/156 (Tarkwa 4),,-1.9487067364578288,5.452941196242906,-1.9923936111,5.4032197222,-1.9192766667,5.5068497222
PL2/156 (Tarkwa 3),,-2.01627452915668,5.399196370147476,-2.0786111111,5.3611111111,-1.9738888889,5.4527777778
ML6/9,,-1.9399336198310824,6.405280835634662,-1.9543805555555556,6.383461111111111,-1.9251027777777778,6.425202777777778
ML5/19,,-0.7111248159485296,6.114467520432592,-0.75,6.079144444444444,-0.658325,6.1458333333
ML2/17,,-2.152083333362712,6.260134180779875,-2.1791666667,6.2458333333,-2.1291666667,6.2791666667
ML2/164,,-2.0474358974169378,5.704407051298741,-2.075,5.6875,-2.0208333333,5.7166666667
LVD 8285B/2013,,-1.8901235622472612,5.190437612233942,-1.9083,5.159997222222223,-1.8724,5.219619444444445
ML2/168,,-2.0056089743708583,5.790544871781214,-2.025,5.775,-1.9916666667,5.8083333333
ML2/169,,-2.318005515995981,6.465961228043219,-2.355086111111111,6.432180555555555,-2.2751194444444445,6.495866666666666
PL2/679,,-1.9419871794892025,5.382745726499396,-1.9666666667,5.3541666667,-1.9166666667,5.4083333333
PL2/413,,-2.910592269315496,6.713743780435698,-2.9458083333333334,6.671125,-2.854127777777778,6.758505555555556
PL5/4/VOL5,,-0.6937500000272727,5.952083333322727,-0.7125,5.9416666667,-0.675,5.9625
PL7/4 (Ntotoroso),,-2.354446810865299,7.002317186407268,-2.4166694444444445,6.937147222222222,-2.2916694444444445,7.082969444444444
QL5/9,,-0.07996106764724087,6.189881850526736,-0.08172222222222222,6.188169444444444,-0.078075,6.191675
QL6/528,,-1.7704166666766668,6.744138888878225,-1.7725,6.7416666667,-1.7683333333,6.7458333333
QL6/314,,-1.74420833336425,6.840916666678502,-1.7475,6.8391666667,-1.7416666667,6.8425
QL6/315,,-1.7395833333499997,6.842083333300001,-1.7416666667,6.8408333333,-1.7375,6.8433333333
PL2/156 (Tarkwa 2),,-1.9848059220907237,5.338765531604056,-2.0152777778,5.2588888889,-1.953055555555,5.4177777778
PL-10/4 (Collete),,-2.0576903292067747,10.104809670811127,-2.1,10.0791666667,-2.0125,10.1291666667
SSMP-NIM-6/1832,,-2.02395833331875,6.426874999968749,-2.0258333333,6.4258333333,-2.0216666667,6.4283333333
SSMP-NIM-12/1850,,-2.1075,7.03875,-2.1091666667,7.0375,-2.1058333333,7.04
PL2/431 (Nsuta Hotopo 'B'),,-1.8874289397119717,4.89447502252187,-1.905555555555,4.8738888889,-1.8702777778,4.9177777778
RL10/11 (Kunche/Bepkong),,-2.746660096044467,10.406190730954854,-2.776944444445,10.375,-2.7166666667,10.4291666667
PL5/126 (Akyem East),,-1.0273450754864653,6.344048021153365,-1.0541694444444445,6.299677777777778,-1.0,6.378844444444445
PL (G)-2/838,,-2.069469895289047,4.780573734736229,-2.1125,4.7416666667,-2.0125,4.8416666667
SSMP/NR/1,,-2.2996874999671872,8.94864583332656,-2.3008333333,8.9475,-2.2983333333,8.95
PL5/19 (Esaase),,-0.840561594215144,6.551974637686461,-0.8833333333,6.5083333333,-0.8041666667,6.6
SSMP/AR/786,,-1.8426388888833334,6.3451388888833335,-1.8433333333,6.3441666667,-1.8416666667,6.3458333333
MC113/Vol.4,,-1.9672743055758974,5.2394675925762355,-2.0416666667,5.2125,-1.9166666667,5.2708333333
MC113 (Hotopo),,-1.8869092039886617,4.894309701497429,-1.9041666667,4.875,-1.8666666667,4.9166666667
SSMP/CR/1215,,-1.4015530302950414,5.155492424271488,-1.4033333333,5.1541666667,-1.4,5.1566666667
SSMP/AR/436,,-2.0345833332999996,6.374999999999999,-2.0358333333,6.3741666667,-2.0333333333,6.3758333333
SSMP/WR/2308,,-1.9981547619367348,5.291369047611225,-1.9991666667,5.29,-1.9966666667,5.2925
PL-6/808,,-1.4827171361337925,6.400440140873449,-1.5,6.3666666667,-1.4458333333,6.4166666667
PL2/431 (Nsuta Hotopo A),,-1.9730089933213177,5.251101183792192,-2.0722222222,5.1627777778,-1.9,5.356944444445
QL3/688,,-0.6770833332999998,5.640833333350002,-0.6783333333,5.6391666667,-0.6758333333,5.6425
QL.4/133,,-1.03916666665,6.1970833333,-1.04,6.1958333333,-1.0383333333,6.1983333333
SSMP/9/340,,-0.7909722222194444,10.671388888869446,-0.7925,10.6683333333,-0.79,10.6733333333
SSMP/9/341,,-0.7995833332999999,10.668333333349999,-0.8008333333,10.6675,-0.7983333333,10.6691666667
SSMP/9/339,,-0.7987500000000002,10.666250000000002,-0.7991666667,10.665,-0.7983333333,10.6675
SSMP/9/336,,-0.7958333333,10.67166666665,-0.7983333333,10.6708333333,-0.7933333333,10.6725
QL.2/563,,-1.6681500000374878,5.070472222225339,-1.67,5.0683333333,-1.6666666667,5.0716666667
QL2/510,,-1.6111458333265625,5.137187499967188,-1.6125,5.1358333333,-1.61,5.1383333333
SSML-T2 4/2024,,-1.72625,5.6216666666499995,-1.7275,5.62,-1.725,5.6233333333
SSML-T2 6/2024,,-1.7220833332999999,5.61916666665,-1.7233333333,5.6175,-1.7208333333,5.6208333333
QL5/154,,-0.38685606057747934,5.805037878772314,-0.3883333333,5.8025,-0.385,5.8083333333
RL2/205 (Mpataba),,-2.592270776847033,5.1098294941368385,-2.6833333333,5.05,-2.5208333333,5.1541666667
PL (G)-5/836,,-1.02708333335,6.38125,-1.0541666667,6.3791666667,-1.0,6.3833333333
PL (G)-LAYER/842,,-2.6670343137005186,5.431740195985987,-2.6708333333,5.4125,-2.6583333333,5.4625
PL (G)-LAYER/822,,-1.3980208333344373,7.473437499982187,-1.4541666667,7.4541666667,-1.3666666667,7.4833333333
RML-N-6/148,,-2.3456018518604944,6.510787037048766,-2.3475,6.51,-2.3433333333,6.5116666667
SSML-B11 6/2023,,-2.30665,7.0070999999999986,-2.3075,7.005,-2.3058,7.0092
QL6/1051,,0.4961527777944445,6.857680555555556,0.4941666667,6.85625,0.4981388888888889,6.859111111111111
PL5/235,,-0.08065625002470311,6.224197916643766,-0.085,6.2208333333,-0.0766666667,6.2283333333
QL6/498,,-1.6530494681467869,6.789716455206115,-1.6558333333,6.7877777778,-1.6508333333,6.791944444445
SSML-O6 30/2023,,-1.72125,5.973349999999999,-1.7225,5.9717,-1.72,5.975
RML-N25-3/103,,-1.3729166667000001,5.14125,-1.3741666667,5.14,-1.3716666667,5.1425
SSML-O6 31/2023,,-1.7287500000000002,5.9700000000000015,-1.73,5.9683,-1.7275,5.9717
ML9/1,,-0.6780237259381243,10.690331088295675,-0.6903333333333334,10.6616666667,-0.6658333333,10.718
QL3/612,,-0.6004166666499999,5.652083333349999,-0.6008333333,5.6516666667,-0.6,5.6525
QL.2/653,,-1.82625,5.07083333335,-1.8275,5.0691666667,-1.825,5.0725
QL3/404,,-0.51152777775,5.608194444466667,-0.5125,5.6075,-0.5108333333,5.6091666667
SSML-AK5 4/2023,,-0.638920444763271,6.356967360114778,-0.6408,6.3558,-0.6375,6.3583
RML-N-2/171,,-1.7723611111166664,5.011972222208667,-1.7741666667,5.0091666667,-1.77,5.015
SSML-AF3 1/2023,,-0.78165,5.35955,-0.7833,5.3583,-0.78,5.3608
SSML-AS2 21/2023,,-2.08205,5.811249999999999,-2.0833,5.81,-2.0808,5.8125
SSML-AS2 20/2023,,-2.06185,5.8344000000000005,-2.0633,5.8325,-2.0608,5.8367
SSML-AS2 18/2023,,-2.065,5.8296,-2.0658,5.8275,-2.0642,5.8317
SSML-K6 1/2024,,-1.1876136363661156,6.322462121212812,-1.1891666667,6.32,-1.1858333333,6.325
PL2/702,,-2.352984234253981,5.6453265765681175,-2.3833333333,5.6333333333,-2.3333333333,5.6625
SSML-O6 28/2024,,-1.7691499999999998,6.105850000000001,-1.77,6.1042,-1.7683,6.1075
SSML-O6 4/2023,,-2.0186785151116955,6.276544875164258,-2.02,6.275,-2.0175,6.2783
SSML-O6 17/2024,,-2.036250000014286,6.202083333307143,-2.0375,6.2008333333,-2.035,6.2033333333
PL2/454,,-1.8573648272043048,5.789680880715717,-1.8916666667,5.7166666667,-1.8208333333,5.85
RL-6/164 (Fumso),,-1.4751602564106514,6.0987499999896935,-1.5,6.0625,-1.45,6.1333333333
RL-3/64 (Kruwa Assin),,-1.2807633820305533,5.3600212894996195,-1.3416666667,5.3333333333,-1.2583333333,5.4
RL2/159,,-1.9666666667000001,4.99583333335,-1.9791666667,4.9791666667,-1.9541666667,5.0125
PL.7/97/Vol.2,,-2.00521593675884,7.128889902662168,-2.1041666667,7.0833333333,-1.9375,7.1875
PL6/348,,-2.225862794632124,6.879650673398099,-2.25,6.8375,-2.2,6.9166666667
RL6/132,,-2.165151515111778,6.892897727264721,-2.1958333333,6.8833333333,-2.1333333333,6.9041666667
RL-5/90 (Abokoase),,-0.6728869047481992,6.4270535714445085,-0.75,6.3875,-0.5708333333,6.475
PL2/156 (Abosso),,-1.9524079012716602,5.38929003048585,-1.9740527778,5.3569638889,-1.924380555555,5.419225
RL5/60 (Kwahu Praso),,-0.9257401315773329,6.652782346484884,-0.975,6.5958333333,-0.8625,6.6958333333
PL6/344 (Apeakurom),,-1.2625,6.2104166666500005,-1.275,6.2,-1.25,6.2208333333
PL2/145,,-2.243203551919484,4.966700819692327,-2.2708333333,4.9416666667,-2.2166666667,4.9791666667
PL2/145 (Dadwen),,-2.181423611101621,4.89392361112662,-2.1958333333,4.8666666667,-2.1625,4.9166666667
PL-6/345 (Saponso),,-1.2988674564455995,6.221499763727503,-1.3227777778,6.2111111111,-1.2847222222,6.24
PL6/343 (Akwadum),,-1.2618421052313715,6.257236842143077,-1.2916666667,6.2416666667,-1.25,6.2958333333
PL2/50 (Nkroful),,-2.343181269136115,4.968637471708786,-2.3872222222,4.9363888889,-2.2958333333,5.0008333333
RL2/20 (Damang),,-1.890163324953263,5.45305527687511,-1.9592,5.3565416667,-1.819655555555,5.5391333333
RL7/2(Kenyasi 4),,-2.491035798047805,6.879478140226097,-2.568986111111111,6.824305555555,-2.384822222222222,6.932088888888889
MC9/SF2 (Fiankuma 3),,-1.7442772459718816,6.169669241062277,-1.7712166667,6.124755555555,-1.7082777778,6.2064222222
MC7/SF8 (Awaso),,-2.2938287770654804,6.242214256517912,-2.318755555555,6.2181611111,-2.2644138889,6.268355555555
PL2/15 (Bibiani),,-2.3180055159886526,6.465961228042723,-2.3550861111,6.432180555555,-2.275119444445,6.4958666667
MC9/SF2 (Fiankuma 1),,-1.7401116660831633,6.30435465398018,-1.7718666666666667,6.274738888888889,-1.7082972222222221,6.338969444444444
MC9/SF2 (Fiankuma 2),,-1.740065914534378,6.240601313704771,-1.771644444445,6.2061638889,-1.708444444445,6.2750638889
RL6/131,,-2.1148300438786616,6.943174342107904,-2.1791666667,6.8916666667,-2.0625,6.9625
PL2/192/Vol.5 (Ebi Teleku Bokazo),,-2.343380522365719,4.968803794498398,-2.3874416667,4.9364861111,-2.295930555555,5.0010638889
PL6/321 (Edwenase),,-1.8641600703611112,6.240270815018407,-1.8916666667,6.2291666667,-1.8333333333,6.25
RL7/2 (Kenyase 5),,-2.608751513237811,6.786452383794731,-2.6526211111111113,6.759988055555556,-2.5833333333,6.8148711111111115
PL2/156 (Tarkwa 1),,-2.027723263796355,5.337993916308405,-2.0669708333,5.2922908333,-1.9890136111,5.3758208333
RL-6/105 (Anyinaso),,-2.0137648809564896,6.715215773806146,-2.0583333333,6.6666666667,-2.0,6.75
PL-10/5 (Julie B),,-2.147767372400528,10.128902008703681,-2.2125,10.0875,-2.0958333333,10.1541666667
RL7/2 (Kenyase 3),,-2.6087514312182947,6.786452345270864,-2.6526222222222224,6.759988888888889,-2.5833333333,6.814872222222222
RL7/2 (Kenyase 1),,-2.3928121062709984,6.977836815618184,-2.446534444445,6.908759444445,-2.3468911111,7.083343055555
RL7/2 (Yamfo 1),,-2.149522377486541,7.276767196368112,-2.2003561111,7.2193847222,-2.0713433333,7.319955555555
RL7/2 (Yamfo 2),,-2.215216340665266,7.216261786190022,-2.25003,7.182485,-2.180340555555,7.250003055555
RL7/2 (Kenyase 2),,-2.4059171357813556,7.061843113411073,-2.4210958333,7.0462727778,-2.3907625,7.0773861111
RL7/2 (Yamfo 4),,-2.3154998232535715,7.105712432152808,-2.3444638889,7.0831702778,-2.2877461111,7.1419433333
RL7/2 (Yamfo 3),,-2.258683409258226,7.17197390707141,-2.3102716667,7.139479444445,-2.1805022222,7.2155283333
QL4/168,,-0.1440316092041783,6.129267241386147,-0.1491666667,6.1233333333,-0.1375,6.1358333333
PL2/360 (Asheba),,-2.1053626543158357,5.051118827141831,-2.1208333333,5.0125,-2.0791666667,5.1
RL2/177,,-1.9221792034938479,6.003373893792063,-1.9791666667,5.9666666667,-1.8583333333,6.0333333333
SSMP/ER/1198,,-0.6342413076331669,6.411263227522543,-0.6363888889,6.4091666667,-0.6322222222,6.413055555555
RL5/90,,-0.709396853132356,6.421780303023076,-0.7375,6.3875,-0.6833333333,6.4458333333
QL-5/364,,-0.10333333334999997,6.206250000000001,-0.1075,6.2,-0.0991666667,6.2125
QL1/593,,0.03950757574421482,5.81950757574876,0.0375,5.8158333333,0.0416666667,5.8233333333
QL3/278,,-0.5660185185098767,5.463287037041976,-0.5683333333,5.4616666667,-0.5633333333,5.465
ML2/48/VOL.2 (Banso),,-2.218690476206898,5.115297619032938,-2.2416666667,5.1,-2.2,5.1333333333
PL2/115 (Edum-Banso),,-1.9106593850971394,5.027690129470761,-1.9333333333,5.0,-1.8958333333,5.0666666667
PL-N-3/181,,-0.5220463446482805,5.433317014807591,-0.575,5.3708333333,-0.4708333333,5.4916666667
PL7/85,,-2.4340090089905524,6.832920420447413,-2.4625,6.7916666667,-2.3833333333,6.8666666667
RML-N-2/178,,-2.22916666665,4.910416666650001,-2.2458333333,4.9,-2.2125,4.9208333333
QL-5/368,,-0.38541666665,6.8554166667,-0.3875,6.8541666667,-0.3833333333,6.8566666667
RL8/49,,-2.422411616190804,8.900631313135323,-2.5125,8.8583333333,-2.3291666667,8.9416666667
PL5/212 (Muoso),,-0.5788032144045798,6.360339825563104,-0.6463888889,6.3333333333,-0.4997222222,6.3872222222
QL.6/535,,-1.76759615386213,6.743749999999999,-1.7691666667,6.7416666667,-1.7658333333,6.7458333333
QL.6/530(Mmowere),,-1.6412499999999997,6.80400641023491,-1.6425,6.8016666667,-1.64,6.8058333333
PL3/103,,-1.0501388888455558,5.211388888925556,-1.075,5.2041666667,-1.0333333333,5.2291666667
RL3/55,,-1.0505671902272091,5.253850349039734,-1.1,5.1958333333,-0.9958333333,5.2958333333
QL-6/351,,-1.6390277777694449,6.8016666666750005,-1.64,6.7991666667,-1.6375,6.8041666667
QL-1/980,,0.05280880069976752,5.81237064516446,0.049775,5.810158333333334,0.05555277777777778,5.81445
RML 5/9/Vol.2,,-0.6656017252507528,6.148845694191894,-0.719444444445,6.113055555555,-0.6097222222,6.1666666667
QL2/583,,-1.678250000018,5.084416666626001,-1.6791666667,5.0833333333,-1.6775,5.0858333333
QL.4/113,,0.8656547619214288,6.228214285735715,0.8641666667,6.2266666667,0.8675,6.23
QL1/614,,-0.036213768118431,5.816539855065597,-0.0375,5.8133333333,-0.035,5.82
QL-1/1001,,0.04107827728425787,5.840405892740952,0.038794444444444444,5.838116666666667,0.0433333333,5.842625
PL6/393,,-1.867911735685303,6.3281928007925385,-1.9083333333,6.2875,-1.8333333333,6.3625
QL.5/392,,-0.297249999976,5.839833333314,-0.2983333333,5.8383333333,-0.2958333333,5.8416666667
QL.5/393,,-0.29574999999699997,5.841333333308001,-0.2983333333,5.8383333333,-0.2941666667,5.8433333333
PL7/31,,-2.495493498843796,6.852378841586695,-2.5291666667,6.8291666667,-2.4625,6.8708333333
QL1/1077,,0.00666666665,5.9154166667,0.0058333333,5.9141666667,0.0075,5.9166666667
PL2/151 (Lima South A B and C),,-1.8268027210860531,5.512227891163601,-1.8708333333,5.475,-1.7958333333,5.55
RML-3/60,,-1.035142236996245,5.427556191735812,-1.0362574305555556,5.425681763888889,-1.0340310222222222,5.4294288222222225
QL4/118,,0.8914166666679999,6.2693333333079995,0.89,6.2675,0.8925,6.2708333333
QL3/558,,-1.1516844863314943,5.346459359699261,-1.153017988888889,5.345042761111111,-1.1505175194444444,5.348375994444444
RL-2/244,,-2.713638638634312,5.565265265289934,-2.7583333333,5.4625,-2.6416666667,5.6666666667
QL1/1149,,-0.05502696792352001,5.857121585112917,-0.0558333333,5.8558333333,-0.0541666667,5.8583333333
QL2/594,,-1.6854166667000001,5.0504166666499986,-1.6866666667,5.05,-1.6841666667,5.0508333333
PL2/554,,-2.7214561855638055,6.356464776648527,-2.75,6.2916666667,-2.7,6.4166666667
PL5/152L,,-0.9537367724851845,6.437003968231744,-1.0208333333,6.4208333333,-0.8958333333,6.45
QL-3/503,,-0.5062500000000001,5.60125,-0.5075,5.5991666667,-0.505,5.6033333333
QL.7/16,,-2.1393055555319447,7.601666666662502,-2.1408333333,7.6,-2.1375,7.6033333333
QL6/549,,-2.3445966406100336,6.494464888397933,-2.346361111111111,6.492077777777777,-2.342888888888889,6.496741666666667
QL5/419,,-0.07841666668000005,6.19558333335,-0.0791666667,6.1941666667,-0.0775,6.1966666667
PL2/568,,-2.204166666687037,5.7439814814775705,-2.2166666667,5.7125,-2.1875,5.7791666667
PL2/573,,-2.7194315365468156,6.618982342037809,-2.7583333333,6.5791666667,-2.6833333333,6.6625
PL2/591,,-2.7160648148343456,5.798842592601604,-2.7333333333,5.7791666667,-2.7,5.8166666667
PL3/111,,-0.7046355650707075,5.406036324789711,-0.75,5.35,-0.6666666667,5.4625
QL.7/7,,0.08022435898027605,5.994476495737048,0.0775,5.9916666667,0.0825,5.9983333333
PL2/631,,-1.9300304990061392,4.977644086708379,-1.9583333333,4.9383333333,-1.8916666667,5.0208333333
PL7/177,,-2.7689541442511048,6.932438756727782,-2.8375,6.8458333333,-2.7166666667,7.0
ML2/47,,-2.6124754901724976,5.427132352970298,-2.6625,5.3791666667,-2.5791666667,5.4791666667
QL3/609,,-0.8602579365011224,5.301468253988368,-0.8622222222,5.3002777778,-0.858055555555,5.3027777778
RML-QL-5/304,,-0.31875,5.979166666650001,-0.3191666667,5.9783333333,-0.3183333333,5.98
PL5/269,,-0.8352958937369618,6.239583333344566,-0.875,6.2208333333,-0.7916666667,6.2541666667
QL1/1211,,-0.26208333335,5.715833333350001,-0.2625,5.715,-0.2616666667,5.7166666667
PL2/501,,-2.0238539119589873,5.462230032607195,-2.0833333333,5.4166666667,-1.9541666667,5.5
PL5/4/Vol.5,,-0.7060259856804777,5.962253584235996,-0.7333333333,5.9375,-0.6666666667,6.0
PL6/303,,-1.9661889091860136,6.3543766396257215,-2.0168194444444443,6.329305555555,-1.9167888888888889,6.383469444444445
ML6/8,,-1.9607892112482335,6.438008874619869,-2.0000222222222224,6.4167,-1.9167222222222222,6.4752
MC113/Vol.4,,-1.9965051020236564,5.194192176873914,-2.0708333333,5.1666666667,-1.9208333333,5.2125
MC 113/SF3,,-1.8869092039886617,4.894309701497429,-1.9041666667,4.875,-1.8666666667,4.9166666667
PL3/32,,-1.8758487654102194,6.727854938279493,-1.8958333333,6.7166666667,-1.8583333333,6.7375
PL3/32,,-1.8352083333567495,6.733541666643249,-1.8416666667,6.7166666667,-1.825,6.7458333333
PL2/655,,-2.465525793682993,5.744394841261735,-2.5,5.7208333333,-2.4166666667,5.7791666667
RL2/191,,-2.8924027777454153,6.2013333333446905,-3.0,6.1541666667,-2.8125,6.25
ML6/15,,-1.8922626851524005,5.958677840522515,-1.9377527777777779,5.920075,-1.8339583333,5.997127777777778
Assigned,,-1.7378123693066916,5.997355729488741,-1.7659722222,5.970122222222222,-1.718588888888889,6.032233333333333
PL2/47,,-1.877300772456204,5.026632764946498,-1.8923972222222223,4.935019444444444,-1.8398472222222222,5.113205555555555
PL2/192/VOL.5,,-2.306367688710951,5.002127894325613,-2.3325027777777776,4.967805555555556,-2.2771694444444446,5.0261305555555555
PL2/163,,-2.242141498300149,5.004263579151123,-2.2708333333,4.9833333333,-2.2166666667,5.025
PL2/57,,-2.2454894567339907,5.039968819587734,-2.270313888888889,5.024122222222222,-2.217966666666667,5.057925
PL2/18,,-2.7329902145057354,5.050103196545496,-2.7687555555555554,5.0304861111,-2.7033472222222223,5.069772222222222
ML2/231,,-2.734305555553611,5.578611111093888,-2.7541666667,5.5458333333,-2.7125,5.6125
RL2/165,,-2.001008064499203,5.915031362006515,-2.0416666667,5.8833333333,-1.9708333333,5.9375
RL2/165,,-2.084918261575486,5.875109649085711,-2.1041666667,5.7958333333,-2.0458333333,5.9291666667
ML2/2,,-1.949174174172237,5.456193693685822,-1.9916666667,5.4041666667,-1.9208333333,5.5083333333
ML2/3,,-2.027418154759551,5.341759672615093,-2.0666666667,5.3041666667,-1.9875,5.3791666667
ML2/5,,-2.01558014353659,5.402940590108959,-2.0791666667,5.3666666667,-1.975,5.4583333333
ML5/2,,-0.8023111978741578,6.4512369791935305,-0.8333333333,6.4166666667,-0.75,6.5
RL5/61,,-0.5409117992399985,6.410872640166292,-0.5833333333,6.3957138888888885,-0.4874861111111111,6.4291666667
PL6/122,,-2.001432913878367,6.252304074555472,-2.012922222222222,6.222861111111111,-1.9920555555555555,6.289413888888889
PL2/538,,-2.045034461158598,5.269094611520571,-2.0916666667,5.25,-2.0125,5.2958333333
PL6/8,,-1.9127604166774415,6.561263020828637,-1.9708333333,6.5333333333,-1.8583333333,6.5916666667
PL6/370,,-1.8758487654102194,6.727854938279493,-1.8958333333,6.7166666667,-1.8583333333,6.7375
PL6/369,,-1.8352083333567495,6.733541666643249,-1.8416666667,6.7166666667,-1.825,6.7458333333
RL6/93,,-1.3099358974449704,6.485576923099111,-1.3291666667,6.475,-1.2875,6.5
PL2/156,,-2.0444105691161223,5.297408536573526,-2.075,5.2791666667,-2.0125,5.3166666667
ML2/4,,-1.9832935244114498,5.352269108283288,-2.0125,5.2875,-1.95,5.4125
PL7/112,,-2.3860984848632563,6.887234848486107,-2.425,6.8666666667,-2.3416666667,6.9083333333
ML6/7,,-0.4971746534236966,6.300789617930829,-0.525,6.2625,-0.4583333333,6.3583333333
PL8/19,,-1.518025362309665,8.796467391294328,-1.5541666667,8.7666666667,-1.4833333333,8.8375
PL9/29,,-0.6553362573132174,10.644701336699073,-0.6708333333,10.6166666667,-0.6416666667,10.6825
RL2/153,,-2.14567307691642,5.3721153846167145,-2.1583333333,5.3541666667,-2.1333333333,5.3875
RML 5/14/Vol.3,,-0.0765824859818519,6.192020217136194,-0.08337777777777777,6.183244444444444,-0.07025,6.200830555555555
PL6/131,,-1.8039351851438272,6.161342592635802,-1.8208333333,6.1083333333,-1.7708333333,6.2041666667
PL-6/814,,-1.8446759259006944,6.866782407448265,-1.8625,6.8416666667,-1.8333333333,6.9083333333
PL10/12,,-2.7709308217266457,10.50839565628332,-2.8416916666666667,10.425,-2.7291666667,10.570877777777778
PL10/14,,-2.778604497338983,10.633967652689924,-2.85,10.5708333333,-2.7333333333,10.7208333333
PL10/19,,-2.8334841662278114,10.489627210991584,-2.9054861111,10.383516666666667,-2.771638888888889,10.554561111111111
PL10/18,,-2.6812500000000004,10.14583333335,-2.725,10.075,-2.6375,10.2166666667
PL10/20,,-2.7499773923647544,10.315646370767974,-2.8299777777777777,10.258522222222222,-2.702088888888889,10.389911111111111
PL10/38,,-2.6706309978286558,10.045531116949526,-2.7362694444444444,10.000016666666667,-2.616788888888889,10.133394444444445
PL10/37,,-2.7304097069667264,10.76753134381991,-2.783463888888889,10.722311111111111,-2.666786111111111,10.8001388889
PL10/39,,-2.8130106054857986,10.316979126639215,-2.8510944444444446,10.258452777777778,-2.7557222222222224,10.387686111111112
PL9/40,,-0.528803252725382,10.802378382237224,-0.5833333333,10.6541666667,-0.5,10.8833333333
PL9/22,,-0.7147569444352432,10.838286356218905,-0.8,10.7416666667,-0.6,10.9416666667
PL9/28,,-1.0255278706083129,10.582269816598046,-1.0876527777777778,10.512611111111111,-0.9834888888888889,10.641747222222222
RL9/29,,-0.8040484234070014,10.905788288319135,-0.8458333333,10.8166666667,-0.7208333333,10.9916666667
PL9/38,,-0.9622628726354318,10.909366531196575,-1.0,10.8166666667,-0.9208333333,10.9958333333
PL6/125,,-1.8569230715922784,6.512632333177345,-1.8746694444444445,6.499991666666666,-1.8397027777777777,6.528125
PL6/484,,-1.2534748379628013,6.756640666207654,-1.3336833333333333,6.653144444444444,-1.1667138888888888,6.8335333333333335
PL7/193,,-2.1046587926570357,7.144176509198542,-2.1625,7.1083333333,-2.0541666667,7.1666666667
PL7/82,,-2.540913139489843,6.796993861605593,-2.5836944444444443,6.779122222222222,-2.4625,6.825
PL7/84,,-2.2158773291795715,7.285960144925899,-2.25,7.25,-2.1708333333,7.3333333333
PL8/43,,-2.0572767856896808,8.848318452360036,-2.1208333333,8.8083333333,-1.9958333333,8.8875
PL7/107,,-2.7793531543081964,6.656122122758717,-2.8416666667,6.6041666667,-2.7208333333,6.7041666667
PL2/484,,-2.2396343537445684,6.098681972775261,-2.2791666667,6.0291666667,-2.1833333333,6.1333333333
PL8/27,,-1.5343565088825621,8.747497534506413,-1.575,8.7208333333,-1.4875,8.7791666667
xxx,,-2.1040102232987707,5.594656588601367,-2.151927777777778,5.559697222222222,-2.037602777777778,5.6248555555555555
PL2/56 TJ,,-2.3717090514287973,6.363038115088109,-2.4126222222222222,6.275083333333333,-2.3415972222,6.429502777777778
RL3/26,,-1.9140184067436632,5.855814712929115,-2.0,5.7,-1.8208333333,6.025
RL2/103,,-2.0610318500138027,5.164682091730619,-2.0833583333333334,5.141202777777778,-2.031997222222222,5.197058333333334
PL5/53,,-2.9391866930194643,6.287497971742411,-2.975452777777778,6.2618833333333335,-2.916813888888889,6.3202388888888885
PL2/99,,-1.999419527203025,4.999242631913382,-2.0249805555555556,4.979188888888889,-1.979325,5.016644444444444
PL2/414,,-2.0902633188398045,5.1565516395895115,-2.120808333333333,5.133422222222222,-2.066675,5.187488888888889
PL3/67,,-0.7264282551432055,5.31650264875629,-0.7585361111111111,5.300147222222222,-0.6834055555555556,5.329355555555556
PL2/572,,-2.09479166668375,5.7083333333375,-2.1041666667,5.6958333333,-2.0791666667,5.7166666667
RL6/154,,-1.6216900582344072,6.381311404306233,-1.6668166666666666,6.333491666666666,-1.533425,6.416691666666667
RL6/115,,-1.8663999663336923,6.655531110170526,-1.884511111111111,6.616702777777777,-1.8484305555555556,6.694066666666667
PL2/462 (Adwufia),,-2.977241035878889,6.547725763606823,-3.0375,6.4708333333,-2.9416666667,6.6333333333
PL-GH/317,,-2.1156111111031155,5.106666666638201,-2.15,5.0833333333,-2.0833333333,5.1333333333
PL2/614,,-2.9143895349055327,6.570465116262768,-2.9541666667,6.4958333333,-2.875,6.6333333333
PL10/33,,-2.239364393336525,9.374894958205877,-2.266825,9.30006388888889,-2.195911111111111,9.43356111111111
PL10/28,,-2.237467935802839,9.478754698041989,-2.2834777777777777,9.433486111111112,-2.1875555555555555,9.533586111111111
RL2/69,,-2.1719994758942045,5.0641116352148074,-2.2083333333,5.0333333333,-2.1208333333,5.0916666667
PL6/322,,-2.0155657181520663,6.782605013548084,-2.0541666667,6.75,-2.0,6.8291666667
RL6/91,,-1.2326927217869563,6.161708656265656,-1.2791666667,6.0833333333,-1.2041666667,6.25
PL5/3 (Kenbert Ntronang),,-1.0940913021012466,6.322849962495861,-1.1208305555555556,6.303847222222222,-1.075,6.349675
PL5/266,,-0.8734907407256453,6.561861111151588,-0.9,6.5,-0.8333333333,6.6166666667
PL2/398,,-2.829131853195418,6.303164827231169,-2.883627777777778,6.25005,-2.7644888888888888,6.366655555555556
PL2/400,,-2.9147539178764723,6.288700994958086,-2.9820305555555557,6.200144444444445,-2.822322222222222,6.391391666666666
PL2/310,,-2.031991394787356,5.83218947125807,-2.0625138888888888,5.804116666666666,-1.9999833333333332,5.874919444444444
RL2/93,,-1.676007459764232,5.4168826912323444,-1.7123583333333334,5.380444444444445,-1.6330666666666667,5.465747222222222
PL2/155,,-1.8533905229087848,5.130433006527721,-1.8666666667,5.1125,-1.8416666667,5.1541666667
RL6/62,,-1.90736323159922,6.050811068702091,-1.9666666667,6.0208333333,-1.8291666667,6.0916666667
RL3/29,,-1.9738758992794325,5.958528177462123,-2.0166666667,5.925,-1.9333333333,6.0
PL6/62,,-1.9015240878583628,6.381164599689973,-1.9166916666666667,6.358813888888889,-1.8834444444444445,6.399616666666667
PL6/87,,-1.617820651973643,6.30280007168223,-1.6332805555555556,6.270933333333334,-1.5999222222222222,6.333538888888889
RL6/124,,-1.2919379491632312,6.300886820779316,-1.3501527777777778,6.270991666666666,-1.2500444444444445,6.325136111111111
PL2/385,,-2.111489273933413,5.206373762371276,-2.125,5.1708333333,-2.0833333333,5.25
PL6/26,,-1.2881042166365455,6.21338322507953,-1.3243,6.190675,-1.2500361111111111,6.240166666666667
PL2/420,,-2.068981481482531,5.020925925931458,-2.0875,5.0,-2.05,5.0458333333
PL2/321,,-1.9994496855334107,5.052672955952073,-2.0291666667,5.025,-1.9833333333,5.0833333333
PLGH/453,,-1.9688568376035498,5.049341168099758,-1.9833333333,5.0125,-1.9541666667,5.0875
PL5/134,,-0.8556608338622398,6.42915771130282,-0.8833305555555555,6.399672222222223,-0.8333305555555556,6.458
PL2/399 (Akoko A),,-2.1343749999915174,5.054538690514573,-2.1625,5.0416666667,-2.1166666667,5.0791666667
RL5/36,,-1.028776041614551,6.424609375006739,-1.0458333333,6.4166666667,-1.0083333333,6.4333333333
PL6/152,,-1.029999999986,6.442083333317999,-1.0458333333,6.4333333333,-1.0125,6.45
PL5/160 (Abirem),,-0.9668880730338303,6.34728853811973,-1.0,6.320508333333334,-0.9166694444444444,6.366344444444445
ML2/51/VOL.2 (Betindsi),,-2.1973045236491213,5.160602220275939,-2.224975,5.133483333333333,-2.1790777777777777,5.191711111111111
PL3/102,,-1.12125,5.21375,-1.1225,5.2116666667,-1.12,5.2158333333
MC 113/VOL4,,-1.9443963146406367,5.30609873486933,-2.0,5.2708333333,-1.9,5.3541666667
PL10/43,,-2.660981070915311,10.719436493871262,-2.733775,10.66628888888889,-2.600041666666667,10.787711111111111
PL2/624,,-2.1219624682317058,5.277465012713196,-2.1416666667,5.2458333333,-2.1,5.3208333333
PL2/538,,-2.045034461158598,5.269094611520571,-2.0916666667,5.25,-2.0125,5.2958333333
PL2/539,,-2.084350775204646,5.320145348828779,-2.1041666667,5.2583333333,-2.0583333333,5.375
PL2/1/Vol.10,,-2.058333333331105,5.238323643399088,-2.1,5.2125,-2.0041666667,5.2625
SSML-O6 18/2024,,-2.0362639059304706,6.202056543967281,-2.0375,6.2008,-2.035,6.2033
SSML-O6 19/2024,,-2.0202493074792245,6.281320914127424,-2.0217,6.2792,-2.0183,6.2825
SSML-O6 13/2024,,-2.019047172236504,6.273039845758356,-2.02,6.2708,-2.0175,6.275
SSML-O6 14/2024,,-2.024291339491916,6.209759006928407,-2.0258,6.2083,-2.0233,6.2117
SSML-O6 2/2023,,-2.0131890342052317,6.285907947686117,-2.015,6.285,-2.0117,6.2867
RML-N-4/180,,0.37665000000000004,5.9808,0.3733,5.9783,0.38,5.9833
PL2/801,,-2.125094696962914,5.657689393922192,-2.1666666667,5.625,-2.075,5.6958333333
QL9/22,,-1.2122335012544407,10.817518326078039,-1.2152305555555556,10.815947222222222,-1.2104444444444444,10.819291666666667
PL6/87/VOL2,,-1.6167581059788443,6.32894770660259,-1.623055555555,6.318055555555,-1.6088888889,6.34
PL6/87/Vol.2,,-1.61145833330625,6.334505208361327,-1.625,6.3125,-1.5958333333,6.3541666667
PL2/546,,-2.152083333362712,6.260134180779875,-2.1791666667,6.2458333333,-2.1291666667,6.2791666667
1469/2001,,-2.3541805437982775,7.003959712369858,-2.4166666667,6.9388888889,-2.2913888889,7.0833333333
QL2/545,,-1.8750571895300074,4.968995098053114,-1.88,4.9666666667,-1.8708333333,4.9716666667
QL2/459,,-1.6445486111276042,5.075694444431249,-1.6475,5.0725,-1.6416666667,5.0783333333
KL2/31,,-2.286315789460065,4.9843932748394435,-2.29,4.9791666667,-2.2775,4.9908333333
RML-N-LAYER/72,,-2.10625,7.603333333350001,-2.1125,7.5966666667,-2.1,7.61
QL6/530,,-1.6412499999999997,6.80400641023491,-1.6425,6.8016666667,-1.64,6.8058333333
SSML-AS2 11/2023,,-2.0118321428571426,5.814732142857142,-2.0133,5.8133,-2.01,5.8158
SSML-AS2 14/2024,,-2.01125,5.816650000000001,-2.0133,5.8158,-2.0092,5.8175
SSML-AS2 18/2024,,-2.0141500000000003,5.8145999999999995,-2.015,5.8125,-2.0133,5.8167
SSML-AS2 43/2024,,-2.079756097560976,5.831093902439024,-2.0808,5.8292,-2.0792,5.8325
SSML-AS2 10/2023,,-2.0050878048780487,5.819725609756097,-2.0058,5.8183,-2.0042,5.8208
SSML-AS2 12/2023,,-2.00705,5.817950000000001,-2.0083,5.8167,-2.0058,5.8192
QL1/1043,,0.09953534391017486,5.820874554717207,0.09738888888888889,5.818222222222222,0.10147222222222223,5.823444444444444
QL5/124,,-0.37682942338720055,5.803682990177938,-0.3796388888888889,5.7979722222222225,-0.37316666666666665,5.8077777778
RML-N-6/161,,-1.6898041615667077,6.150164504283967,-1.6933,6.1483,-1.6867,6.1525
PL2/545,,-2.14425000001116,5.976416666686121,-2.1625,5.9625,-2.1291666667,5.9916666667
QL2/548,,-1.6763131313110882,5.0447264309622275,-1.678055555555,5.0433333333,-1.6747222222,5.0458333333
QL1/132/VOL.2,,-0.28686011903995534,5.635372023802456,-0.2908333333,5.6325,-0.2825,5.6383333333
QL7/22,,-2.1492013889128914,7.5208159722331365,-2.1541666667,7.5141666667,-2.1441666667,7.5283333333
QL6/578,,-1.716607142832653,7.1025595238530626,-1.7183333333,7.1016666667,-1.715,7.1041666667
SSML-AS2 40/2024,,-2.076400692520776,5.830628393351801,-2.0775,5.8292,-2.0758,5.8325
SSML-AS2 16/2024,,-2.01205,5.81835,-2.0133,5.8175,-2.0108,5.8192
SSML-AS2 26/2024,,-2.01205,5.820000000000001,-2.0133,5.8192,-2.0108,5.8208
SSML-AS2 17/2024,,-2.009434104627766,5.8181689134808865,-2.0108,5.8167,-2.0083,5.8192
SSML-AS2 24/2024,,-2.0829,5.8295499999999985,-2.0833,5.8283,-2.0825,5.8308
QL3/680,,-0.5164999999700001,5.55474999997,-0.5183333333,5.5533333333,-0.515,5.5558333333
QL3/548,,-1.4263782051266274,5.170224358963906,-1.4275,5.1683333333,-1.425,5.1725
QL6/486,,-1.5007625786128336,6.8477122641530075,-1.5033333333,6.8416666667,-1.4983333333,6.8533333333
MC/SSMP/6/2948,,-1.639490740706173,6.256712962930248,-1.6408333333,6.255,-1.6383333333,6.2583333333
QL1/552,,0.051388888885416616,6.046875000013541,0.0491666667,6.0441666667,0.0533333333,6.0491666667
RML-QL-GH/302,,0.31834999999999997,5.8396,0.3175,5.8392,0.3192,5.84
PL (G)-LAYER/827,,-0.9916132478812295,6.23488247862768,-1.0041666667,6.2125,-0.975,6.25
PL-5/817,,-0.8905701754450831,6.2448464912470225,-0.9,6.2291666667,-0.875,6.2708333333
RML-QL-4/295,,0.41000000000000003,6.6125,0.4083333333,6.6116666667,0.4116666667,6.6133333333
QL16/4,,-0.8585227272590912,10.578257575768182,-0.8608333333,10.5766666667,-0.8558333333,10.58
PL5/252,,-0.6843750000124997,6.349305555561112,-0.7,6.3375,-0.6666666667,6.3583333333
PL6/458,,-1.304041858661579,6.120151689711111,-1.35,6.0833333333,-1.25,6.15
SSMP/6/2944,,-1.6886574074351852,6.31560185189074,-1.6908333333,6.3141666667,-1.6866666667,6.3166666667
MC/SSMP/5/2139,,-0.720250000024,6.451166666662,-0.7216666667,6.45,-0.7183333333,6.4525
QL.3/607,,-0.7983333333500001,5.340416666699999,-0.8,5.3391666667,-0.7966666667,5.3416666667
SSMP/6/2946,,-1.6853124999203126,6.311770833317187,-1.6883333333,6.31,-1.6833333333,6.3125
SL1/84,,0.4060527613502452,5.8185281065048615,0.3666666667,5.7875,0.4416666667,5.8541666667
PL8/34,,0.45679429430774293,9.107057057066715,0.4166666667,9.0,0.5208333333,9.1916666667
PL2/624,,-2.1219624682317058,5.277465012713196,-2.1416666667,5.2458333333,-2.1,5.3208333333
ML2/187,,-2.0579656862705016,5.238529411753477,-2.1,5.2125,-2.0041666667,5.2625
PL2/7/VOL9,,-2.043984220922004,5.29701676527047,-2.075,5.2791666667,-2.0125,5.3166666667
QL3/303,,-0.5565931372605536,5.499093137234083,-0.5591666667,5.4975,-0.5541666667,5.5008333333
RML-N-3/108,,0.4411680840790473,5.821429717737382,0.365555555555,5.7833333333,0.496944444445,5.8658333333
ML6/193,,-1.1943288324339265,6.641881175847705,-1.2288888889,6.5927777778,-1.1608333333,6.684444444445
PL7/112/VOL2,,-2.3860984848632563,6.887234848486107,-2.425,6.8666666667,-2.3416666667,6.9083333333
PL6/303,,-1.9660285285257018,6.354260510501646,-2.0166666667,6.3291666667,-1.9166666667,6.3833333333
ML5/199 (Akyem West),,-1.0716508713164938,6.339732213078129,-1.1083305555555556,6.312177777777777,-1.0541694444444445,6.358005555555556
PL6/369,,-1.8352083333567495,6.733541666643249,-1.8416666667,6.7166666667,-1.825,6.7458333333
RL2/191,,-2.8924027777454153,6.2013333333446905,-3.0,6.1541666667,-2.8125,6.25
PL3/32(Mampon),,-1.866122881357807,5.828185028237329,-1.925,5.75,-1.8,5.9125
ML6/3,,-1.8632500000087997,6.3249166666688,-1.8958333333,6.3125,-1.8333333333,6.3375
RL6/81,,-1.7899828767003274,6.3996289954370225,-1.8125,6.3833333333,-1.7708333333,6.4166666667
LVB/ASR/377/98,,-1.2370399601894517,6.623375512718155,-1.2708333333,6.5927777778,-1.1972222222,6.6652777778
RL2/191,,-2.8924027777454153,6.2013333333446905,-3.0,6.1541666667,-2.8125,6.25
SSMP/9/277,,-2.025902777811805,10.112500000012501,-2.0291666667,10.1108333333,-2.0225,10.1141666667
SSMP/9/276,,-2.032152777769445,10.114027777769444,-2.035,10.1125,-2.0291666667,10.1158333333
SSML-AS2 1/2025,,-2.2849999999999997,5.91,-2.2866666667,5.9083333333,-2.2833333333,5.9116666667
ML5/235,,-0.6139486754968383,5.995074503290951,-0.65,5.95,-0.5791666667,6.0375
SSML-T2 64/2024,,-2.5225,5.048749999999999,-2.5241666667,5.0475,-2.5208333333,5.05
QL3/448,,-0.69166666665,5.474583333350001,-0.6922222222,5.4738888889,-0.6911111111,5.4752777778
PL2/484,,-2.1896658415909185,6.086943069342124,-2.2166666667,6.05,-2.1708333333,6.1166666667
SSML-AS2 20/2024,,-1.9958954976303318,5.838916824644551,-1.9967,5.8367,-1.995,5.8408
SSML-AS2 21/2024,,-2.079738372093023,5.833255813953487,-2.0808,5.8325,-2.0783,5.8342
SSML-AS2 19/2024,,-2.073882142857143,5.833082142857143,-2.0758,5.8325,-2.0725,5.8342
SSML-AS2 25/2024,,-2.082225609756098,5.827412195121951,-2.0833,5.8267,-2.0808,5.8283
SSML-O6 12/2025,,-1.4430208333593748,6.398020833359374,-1.4441666667,6.3966666667,-1.4416666667,6.3991666667
TL (TP) 1/22,,-0.9071000000000001,6.580399999999999,-0.9075,6.58,-0.9067,6.5808
RML-QL-2/292,,-1.784713172804533,5.02344178470255,-1.7858,5.0225,-1.7833,5.0242
SSML-O6 7/2025,,-1.9735250000000002,6.066875,-1.975,6.0658,-1.9725,6.0675
ML-GH/242,,-2.0392156862792628,5.546341036409088,-2.1,5.4916666667,-1.9833333333,5.625
ML-2/243,,-2.1018173758758487,5.4746897163241295,-2.1166666667,5.45,-2.0833333333,5.4916666667
SSML-AS2 23/2024,,-1.9925000000000002,5.84205,-1.9933,5.8408,-1.9917,5.8433
SSML-AS2 22/2024,,-1.9939382352941175,5.846061764705882,-1.995,5.845,-1.9925,5.8467
QL3/625,,-0.5145833333500001,5.42166666665,-0.515,5.4208333333,-0.5141666667,5.4225
SSML-AS2 15/2024,,-1.9940702216066482,5.8443993074792235,-1.995,5.8433,-1.9933,5.8458
ML5/219,,-0.8484980620291779,6.238032945751649,-0.8708333333,6.225,-0.825,6.2541666667
QL1/1186,,-0.29124999999999995,5.918333333350001,-0.2916666667,5.9175,-0.2908333333,5.9191666667
RML-N-6/162,,-1.66865303030303,6.139108734402852,-1.67,6.1367,-1.6675,6.1417
SSML-O6 6/2025,,-1.9370546444121912,6.0266645137880985,-1.9383,6.025,-1.9358,6.0283
QL6/568,,-1.5276388888708332,6.835381944440625,-1.53,6.8325,-1.5258333333,6.8375
PL3/30/Vol.3,,-1.7360397196527726,5.997916666635513,-1.7666666667,5.9708333333,-1.7125,6.0333333333
ML2/46,,-1.6431686046677931,5.350339147321987,-1.6708333333,5.3333333333,-1.625,5.3791666667
RML-N25-6/94,,-1.6738469696969698,6.13615303030303,-1.675,6.135,-1.6725,6.1375
SSML-O6 12/2023,,-1.695,5.934149999999999,-1.6958,5.9325,-1.6942,5.9358
SSMP/6/2670,,-1.7541666666500002,6.318333333350001,-1.755,6.3166666667,-1.7533333333,6.32
SSML-AS2 14/2023,,-1.9933333333499998,5.88375,-1.9941666667,5.8825,-1.9925,5.885
SSML-AS2 15/2023,,-1.9934079476861168,5.886489034205232,-1.9942,5.885,-1.9925,5.8883
SSML-AS2 13/2023,,-1.99165,5.88375,-1.9925,5.8825,-1.9908,5.885
QL1/1256,,0.05125,5.82045,0.0492,5.8192,0.0533,5.8217
SSML-B11 12/2023,,-1.8058500000000004,6.765280837004405,-1.8075,6.7642,-1.8042,6.7667
SSML-B11 4/2024,,-1.8116999999999999,6.7625,-1.8142,6.7617,-1.8092,6.7633
SSML-B11 2/2024,,-1.803379629644444,6.775231481483332,-1.8041666667,6.7733333333,-1.8025,6.7775
SSML-B11 11/2023,,-1.8037500000000002,6.7706689134808835,-1.805,6.7692,-1.8025,6.7717
SSML-AS2 8/2023,,-1.9725000000000001,5.86125,-1.9733,5.86,-1.9717,5.8625
SSML-AS2 7/2023,,-1.97625,5.86835,-1.9775,5.8675,-1.975,5.8692
SSML-AS2 5/2023,,-1.9775,5.863750000000001,-1.9783,5.8625,-1.9767,5.865
PL3/791,,-0.7960861628924558,5.316597613795748,-0.8125,5.2958,-0.775,5.3292
PL3/792,,-0.9338303881358477,5.243560356124645,-0.9583,5.225,-0.9125,5.25
PL3/795,,-0.7547898044429355,5.284776792449269,-0.775,5.2542,-0.7333,5.3042
SSML-AS2 4/2023,,-1.9804166666500003,5.86333333335,-1.9808333333,5.8616666667,-1.98,5.865
SSML-AS2 6/2023,,-1.9691499999999997,5.863749999999999,-1.97,5.8625,-1.9683,5.865
RML-N25-6/100,,-1.6550000000000002,6.785,-1.6567,6.7842,-1.6533,6.7858
QL.1/1224,,0.03715909087685952,5.830946969719834,0.0358333333,5.8291666667,0.0383333333,5.8325
QL.1/843,,-0.40833333335,5.771250000000001,-0.41,5.77,-0.4066666667,5.7725
RML-QL-1/295,,-0.2592803029979339,5.722007575789256,-0.2608333333,5.72,-0.2575,5.7241666667
RML-N25-GH/96,,-1.504833333333333,6.850683333333334,-1.5083,6.85,-1.5025,6.8525
RML-N25-6/97,,-1.5020384462151397,6.842873505976096,-1.5042,6.8417,-1.5,6.8442
QL3/684,,-0.5654166667,5.42625,-0.5666666667,5.4241666667,-0.5641666667,5.4283333333
RML-N-6/169,,-1.5052103186646433,6.847035508345979,-1.5075,6.8442,-1.5025,6.85
RML(SS)-LAYER/61,,-2.34835,5.06795,-2.35,5.0667,-2.3467,5.0692
RML-N-1/165,,-0.4095833333230769,5.769839743567159,-0.4116666667,5.7683333333,-0.4075,5.7725
SSML-B11 5/2023,,-2.4825000000000004,6.6475,-2.4833333333,6.645,-2.4816666667,6.65
MC/SSMP/6/3126,,-1.50416666665,5.959166666700002,-1.505,5.9566666667,-1.5033333333,5.9616666667
SSML-B11 8/2024,,-2.4670833333,6.64666666665,-2.4683333333,6.645,-2.4658333333,6.6483333333
SSML-B11 3/2024,,-1.8294713367609259,6.752615681233934,-1.8308,6.7508,-1.8283,6.7542
PL5/798,,-0.9271802324832333,6.550436046550133,-0.9708333333,6.5291666667,-0.9,6.575
SSMP/ER/993,,-0.70375,6.32916666665,-0.705,6.3275,-0.7025,6.3308333333
SSMP/AR/2105,,-1.8237500000000004,6.472499999999999,-1.8258333333,6.4716666667,-1.8216666667,6.4733333333
SSMP/6/3153,,-1.794687500001563,6.899062500010938,-1.7958333333,6.8966666667,-1.7933333333,6.9008333333
SSMP/5/2079,,-0.8615530302950413,6.257992424271489,-0.8633333333,6.2566666667,-0.86,6.2591666667
MC./SSMP/CR/1248,,-1.8453125000328126,6.013645833326563,-1.8466666667,6.0125,-1.8441666667,6.015
SSMP/CR/1245,,-1.8470833333,6.00416666665,-1.8483333333,6.0025,-1.8458333333,6.0058333333
MC./SSMP/6/3052,,-1.845265151498347,6.8934469697148755,-1.8475,6.8925,-1.8433333333,6.895
MC./SSMP/6/3160,,-1.7833333333499999,6.8870833333000006,-1.785,6.8858333333,-1.7816666667,6.8883333333
SSMP/5/1364,,-0.90916666665,6.374166666700001,-0.91,6.3716666667,-0.9083333333,6.3766666667
SSMP/WR/411,,-2.13625,5.3470833333500005,-2.1375,5.345,-2.135,5.3491666667
SSMP/3/1292,,-1.71576388886875,5.931944444408334,-1.7175,5.9308333333,-1.7133333333,5.9333333333
SSMP/3/1251,,-1.875,6.0170833333500005,-1.8766666667,6.0166666667,-1.8733333333,6.0175
SSMP/5/2156,,-1.00333333335,6.44958333335,-1.0041666667,6.4491666667,-1.0025,6.45
SSMP/ER/759,,-0.5805208333593751,6.3838541666593756,-0.5816666667,6.3825,-0.5791666667,6.385
RML-N25-6/101,,-1.6551136363661159,6.787007575721076,-1.6566666667,6.7858333333,-1.6533333333,6.7883333333
RML-N-GH/172,,-2.0573355263444073,4.748124999975328,-2.0641666667,4.7458333333,-2.0508333333,4.7508333333
SSMP/6/3060,,-1.2970833332954546,6.441477272698761,-1.2983333333,6.44,-1.295,6.4433333333
QL.3/630,,-1.17291666665,5.20083333335,-1.175,5.1991666667,-1.1708333333,5.2025
SSML-T2 2/2022,,-2.9045833333,5.79833333335,-2.9058333333,5.7966666667,-2.9033333333,5.8
QL.3/620,,-1.1664692982397504,5.190811403525761,-1.1691666667,5.1891666667,-1.1633333333,5.1925
SSML-AK5 8/2022,,-0.4254166666500001,6.3175,-0.4275,6.3166666667,-0.4233333333,6.3183333333
SSML-CC 165/2022,,-1.84375,6.005,-1.8458333333,6.0041666667,-1.8416666667,6.0058333333
SSML-AK5 10/2022,,-0.41808333336800013,6.319333333308,-0.4191666667,6.3175,-0.4166666667,6.3208333333
RML-N25-3/56,,-1.0414880952275511,5.232559523805103,-1.0433333333,5.2316666667,-1.04,5.2333333333
SSMP/5/2157,,-0.53541666665,6.36333333335,-0.5358333333,6.3616666667,-0.535,6.365
MC./SSMP/5/2153,,-0.7014583333500001,6.341875,-0.7025,6.3408333333,-0.7,6.3425
MC./SSMP/5/2138,,-0.6908333333500002,6.339583333300001,-0.6925,6.3383333333,-0.6891666667,6.3408333333
QL1/993,,0.25808333335,5.89091666668,0.2566666667,5.89,0.2591666667,5.8916666667
SSML-B11 10/2023,,-2.2275,6.22875,-2.2291666667,6.2275,-2.2258333333,6.23
QL.4/149,,-0.39333333335,6.705416666700001,-0.3941666667,6.7041666667,-0.3925,6.7066666667
SSMP/AR/2022,,-1.9568981481228396,6.1461574073975305,-1.9583333333,6.1441666667,-1.9558333333,6.1475
MC./SSMP/9/322,,-0.6991666666499999,10.695416666699998,-0.7008333333,10.6941666667,-0.6975,10.6966666667
MC/SSMP/WR/1623,,-2.2611666666769996,6.353999999994,-2.2633333333,6.3525,-2.2591666667,6.355
SSMP/ER/1300,,-0.58,6.3875,-0.5825,6.3866666667,-0.5775,6.3883333333
SSMP/9/310,,-0.91083333335,10.727916666700002,-0.9125,10.7266666667,-0.9091666667,10.7291666667
SSMP/5/1390,,-0.7029166667,6.26083333335,-0.7041666667,6.2591666667,-0.7016666667,6.2625
MC./SSMP/AR/2020,,-1.9570833333000002,6.157083333300001,-1.9583333333,6.1558333333,-1.9558333333,6.1583333333
SSMP/ER/1015,,-0.69708333335,6.055,-0.6975,6.0541666667,-0.6966666667,6.0558333333
MC/SSMP/WR/334,,-2.26875,6.895,-2.27,6.8933333333,-2.2675,6.8966666667
MC/SSMP/CR/1232,,-1.8554166667,5.998333333350001,-1.8566666667,5.9966666667,-1.8541666667,6.0
MC/SSMP/ER/1014,,-0.6949404761887757,6.050178571440816,-0.6958333333,6.0483333333,-0.6941666667,6.0516666667
SSMP/9/289 (Kalbeo),,-0.9041666666500001,10.726249999999999,-0.9058333333,10.725,-0.9025,10.7275
MC/SSMP/CR/1037,,-2.030833333350001,6.220833333362501,-2.0325,6.2191666667,-2.0291666667,6.2225
MC./SSMP/CR/1230,,-1.857559523805102,5.9985119047724496,-1.8583333333,5.9966666667,-1.8566666667,6.0
SSMP/9/297,,-0.8952083333249999,10.736458333325,-0.8975,10.735,-0.8933333333,10.7375
MC./SSMP/AR/2113,,-1.82583333335,6.495000000000001,-1.8275,6.4941666667,-1.8241666667,6.4958333333
MC/SSMP/5/2221,,-0.44041666669999996,6.32666666665,-0.4416666667,6.325,-0.4391666667,6.3283333333
SSMP/CR/891,,-1.5417803030049586,5.835492424271487,-1.5433333333,5.8341666667,-1.54,5.8366666667
MC./SSMP/9/314,,-0.8951388888569445,10.726388888881944,-0.8975,10.725,-0.8933333333,10.7291666667
SSMP/WR/2355,,-2.913333333365,5.790749999955,-2.915,5.7883333333,-2.9116666667,5.7925
MC/SSMP/AR/939,,-1.8991666666500004,6.282916666699999,-1.9,6.2816666667,-1.8983333333,6.2841666667
MC./SSMP/5/2220,,-0.4151388889000001,6.31569444445,-0.4166666667,6.3141666667,-0.4141666667,6.3175
MC/SSMP/9/316,,-0.8983333332999999,10.740972222227777,-0.9008333333,10.74,-0.8958333333,10.7425
MC./SSMP/5/2224,,-0.4433333333,6.33416666665,-0.4458333333,6.3333333333,-0.4408333333,6.335
MC./SSMP/CR/1236,,-1.852750000012,6.001749999993999,-1.8541666667,6.0008333333,-1.8516666667,6.0025
QL5/470,,-0.39206439395511355,5.803049242449433,-0.3941666667,5.7991666667,-0.3883333333,5.8066666667
QL.1/586/Vol.2,,-0.03304487179896438,5.826923076926777,-0.0375,5.825,-0.0291666667,5.8291666667
QL.6/574,,-1.7721874999578127,6.74531250002344,-1.7733333333,6.7433333333,-1.77,6.7466666667
RML-N-5/166,,-0.39489583330625005,5.789114583339063,-0.3975,5.7875,-0.3933333333,5.7916666667
SSMP-NIM-GH/1854,,-1.5136666666800003,5.880250000000001,-1.5158333333,5.8783333333,-1.5125,5.8816666667
MC/SSMP/6/3055,,-1.8448333333210003,6.898416666667,-1.8466666667,6.8966666667,-1.8433333333,6.9
MC./SSMP/9/317,,-0.6920833333,10.7075,-0.6933333333,10.7058333333,-0.6908333333,10.7091666667
SSMP/9/333,,-0.6954166667,10.7075,-0.6966666667,10.7058333333,-0.6941666667,10.7091666667
MC./SSMP/ER/994,,-0.70875,6.32416666665,-0.71,6.3225,-0.7075,6.3258333333
MC/SSMP/9/323,,-0.7083333333499999,10.7004166667,-0.71,10.6991666667,-0.7066666667,10.7016666667
SSMP/WR/487,,-2.19416666665,6.7804166667,-2.1958333333,6.7791666667,-2.1925,6.7816666667
SSMP/9/327,,-0.70583333335,10.69375,-0.7075,10.6925,-0.7041666667,10.695
SSMP/CR/1354,,-1.851628787863223,5.994356060620249,-1.8525,5.9916666667,-1.8508333333,5.9966666667
SSMP/9/331,,-0.6988194444368055,10.698125000031249,-0.7008333333,10.6966666667,-0.6975,10.7
SSMP/5/2216,,-0.6126136363809918,6.4121590908842965,-0.6141666667,6.4108333333,-0.6108333333,6.4133333333
MC/SSMP/CR/914,,-1.5445833332999999,5.8354166667000005,-1.5458333333,5.8341666667,-1.5433333333,5.8366666667
SSMP/6/3161,,-1.791401515152066,6.8962499999954545,-1.7933333333,6.895,-1.79,6.8983333333
MC./SSMP/6/3158,,-1.7991666666625,6.88416666665,-1.8008333333,6.8825,-1.7975,6.8858333333
MC/SSMP/6/3159,,-1.78833333335,6.898750000000001,-1.79,6.8975,-1.7866666667,6.9
SSMP/6/3152,,-1.776325757578926,6.8898863636338845,-1.7775,6.8883333333,-1.775,6.8916666667
SSMP/6/3162,,-1.78416666665,6.900416666700001,-1.7858333333,6.8991666667,-1.7825,6.9016666667
RML-N25-6/103,,-1.6566666666499998,6.7829166667,-1.6575,6.7816666667,-1.6558333333,6.7841666667
PL3/92,,-0.7909622301805316,5.278222422091345,-0.8333333333,5.25,-0.7583333333,5.3291666667
ML2/220,,-2.3970124857513744,5.8237068902217555,-2.4125,5.775,-2.3833,5.8833
PL2/599,,-2.0090526905877604,5.9698337070365355,-2.0541666667,5.9166666667,-1.95,6.0
PL6/782,,-1.9245833333452003,6.23908333333584,-1.9375,6.225,-1.9083333333,6.25
PL6/779,,-1.975431034494174,6.232183908054904,-1.9916666667,6.2041666667,-1.9375,6.25
PL6/784,,-1.9961943999999998,6.207955599999999,-2.0,6.1917,-1.9917,6.2208
RML-N-1/168,,0.025060861425097822,5.9903604869060025,0.0225,5.9841666667,0.0275,5.9975
QL.5/501,,-0.047291666643750056,6.245625000006249,-0.0483333333,6.2433333333,-0.0458333333,6.2475
QL5/505,,-0.04520833335000003,6.246041666650001,-0.0466666667,6.2441666667,-0.0441666667,6.2483333333
QL.5/503,,-0.049166666649999996,6.245416666650001,-0.05,6.2433333333,-0.0483333333,6.2475
QL.5/506,,-0.04305555558472226,6.2465972221930555,-0.0441666667,6.2441666667,-0.0416666667,6.2483333333
MC/SSMP/ER/236,,-0.8916666666499999,6.47416666665,-0.8925,6.4725,-0.8908333333,6.4758333333
MC./SSMP/5/2472,,-0.7418749999750001,6.327291666675,-0.7433333333,6.325,-0.7408333333,6.3291666667
RL-10/144,,-2.04375,10.127099999999999,-2.0958,10.1042,-1.9917,10.15
RL-10/141,,-2.6750000000000003,10.316699999999999,-2.6833,10.2167,-2.6667,10.4167
RL-10/143,,-2.6875,10.5,-2.7083,10.4167,-2.6667,10.5833
RL-10/142,,-2.8343859124459403,10.492908220679581,-2.9,10.425,-2.775,10.5542
RML-QL-3/297,,-0.7708333333499999,5.302083333350001,-0.7716666667,5.3016666667,-0.77,5.3025
QL.2/384,,-1.6743783068789115,5.060251322721087,-1.675,5.0597222222,-1.6738888889,5.0608333333
QL.1/106,,-0.2554166666833334,5.727777777783333,-0.2566666667,5.7266666667,-0.2541666667,5.7291666667
QL.2/347,,-1.6518981481395056,5.070787037048765,-1.6541666667,5.07,-1.65,5.0716666667
SSML-BT9 5/2024,,-0.70916666665,10.69375,-0.7108333333,10.6925,-0.7075,10.695
SSML-AS2 27/2024,,-2.694345238084694,5.336726190459184,-2.6958333333,5.3358333333,-2.6925,5.3375
SSML-AS2 31/2024,,-2.6940115384615377,5.339876923076921,-2.695,5.3392,-2.6933,5.3408
SSML-AS2 29/2024,,-2.6987500000000004,5.3374999999999995,-2.6992,5.3367,-2.6983,5.3383
SSML-AS2 30/2024,,-2.7025000000000006,5.335000000000001,-2.7042,5.3342,-2.7008,5.3358
SSML-AS2 28/2024,,-2.69415,5.338350000000001,-2.6958,5.3375,-2.6925,5.3392
SSML-O6 1/2024,,-2.002569444426389,6.299930555548609,-2.0058333333,6.2983333333,-2.0,6.3008333333
MC./SSMP/5/2209,,-1.0963257575714875,6.339280303004959,-1.0975,6.3375,-1.095,6.3408333333
PL-LAYER/809,,-2.5578402202876194,8.912277779868505,-2.6125,8.8653,-2.5125,8.9708
PL-LAYER/810,,-2.47647202820685,9.16504063129617,-2.4958,9.0458,-2.4375,9.2583
ML-6/243,,-2.301736111073214,6.791121031765051,-2.3333333333,6.7791666667,-2.2708333333,6.8083333333
SSML-B11 10/2024,,-2.29034090912314,6.994053030280164,-2.2916666667,6.9925,-2.2891666667,6.9958333333
QL5/490,,-0.4114950980333912,5.7741258170086525,-0.415,5.77,-0.4066666667,5.7766666667
QL3/455,,-0.5511904761948979,5.482797619039797,-0.5525,5.4808333333,-0.55,5.485
SSML-AS2 28/2023,,-2.8150551724137927,5.871822413793103,-2.8158,5.87,-2.8142,5.8733
SSML-AS2 25/2023,,-2.8091500000000003,5.871650000000001,-2.81,5.8708,-2.8083,5.8725
SSML-AS2 22/2023,,-2.8125,5.87415,-2.8133,5.8733,-2.8117,5.875
SSML-AS2 26/2023,,-2.8091500000000003,5.87375,-2.81,5.8725,-2.8083,5.875
RML-QL-5/281,,-0.32835,5.981250000000001,-0.3292,5.9808,-0.3275,5.9817
SSML-AS2 23/2023,,-2.8112500000000002,5.8675,-2.8125,5.8667,-2.81,5.8683
SSMP/AR/643,,-2.0183333333499998,6.202083333300001,-2.02,6.2008333333,-2.0166666667,6.2033333333
SSML-AK5 10/2024,,-1.0975000000000001,6.325,-1.0983333333,6.3225,-1.0966666667,6.3275
SSML-B11 9/2024,,-2.2855357143163264,6.991845238081631,-2.2866666667,6.9908333333,-2.2841666667,6.9933333333
SSML-B11 1/2025,,-2.0772685185154316,6.517268518498765,-2.0791666667,6.5158333333,-2.075,6.5183333333
SSML-O6 24/2022,,-1.6795833332999999,6.270833333350001,-1.6808333333,6.27,-1.6783333333,6.2716666667
SSML-AS2 19/2023,,-2.6716499999999996,5.34125,-2.6733,5.34,-2.67,5.3425
SSML-AS2 24/2023,,-2.6698644546649146,5.343455124835744,-2.6717,5.3425,-2.6667,5.345
SSML-AS2 17/2023,,-2.6679500000000003,5.33415,-2.6692,5.3333,-2.6667,5.335
PL (G)-GH/821,,-1.032830156538356,6.19669749813489,-1.0583,6.1792,-1.0042,6.2125
SSML-AS2 27/2023,,-2.67045,5.33415,-2.6717,5.3333,-2.6692,5.335
SSML-O6 26/2022,,-1.7344791666406252,6.096979166640626,-1.7358333333,6.0958333333,-1.7333333333,6.0983333333
SSML-AS2 38/2023,,-1.9520833333,5.905,-1.9533333333,5.9033333333,-1.9508333333,5.9066666667
SSML-B11 9/2023,,-2.4020833333500002,6.8900000000000015,-2.4041666667,6.8891666667,-2.4,6.8908333333
PL-5/813,,-0.6963773147964996,5.890133101850197,-0.8125,5.8458333333,-0.6,5.9291666667
QL5/515,,0.0029166667,6.33375,0.0016666667,6.3316666667,0.0041666667,6.335
SSML-T2 26/2024,,-1.99479166666875,5.30104166666875,-1.9958333333,5.3,-1.9941666667,5.3025
SSML-B11 13/2023,,-2.3311111111388887,7.017916666700001,-2.3333333333,7.0166666667,-2.3291666667,7.0191666667
SSML-B11 11/2024,,-2.29034090912314,6.994053030280164,-2.2916666667,6.9925,-2.2891666667,6.9958333333
SSML-O6 20/2024,,-1.6660000000300001,5.92025000003,-1.6675,5.9191666667,-1.6641666667,5.9216666667
SSML-O6 1/2023,,-1.4467361110861114,6.396736111086111,-1.4483333333,6.395,-1.445,6.3983333333
MC.SSMP/12/200,,-2.269749999964,6.885916666692,-2.2708333333,6.885,-2.2683333333,6.8866666667
MC./SSMP/5/2204,,-1.1067499999879997,6.325083333338,-1.1083333333,6.3241666667,-1.105,6.3258333333
SSML-O6 27/2022,,-1.6641666666500001,6.1254166666500005,-1.665,6.1233333333,-1.6633333333,6.1275
MC/SSMP/6/2992,,-1.6983333333499997,6.115,-1.6991666667,6.1133333333,-1.6975,6.1166666667
MC/SSMP/6/2991,,-1.696726190465306,6.114821428546938,-1.6975,6.1133333333,-1.6958333333,6.1166666667
MC/SSMP/6/2990,,-1.6981547619275512,6.1125595238051025,-1.7,6.1116666667,-1.6966666667,6.1133333333
SSML-O6 29/2022,,-1.7002083333687503,6.1154166666875,-1.7016666667,6.1133333333,-1.6991666667,6.1166666667
PL5/790,,-0.41469999999999996,5.856949999999999,-0.4869,5.8125,-0.3425,5.9014
PL5/781,,-0.27179352887678915,5.855906657356951,-0.3416666667,5.8041666667,-0.2,5.9
PL3/780,,-0.478602132041342,5.660898097176179,-0.5708333333,5.6083333333,-0.3375,5.7
PL5/783,,-0.3817073170961828,5.78155487804759,-0.4875,5.75,-0.2791666667,5.8125
PL-LAYER/811,,-2.5250166017987334,8.78456656699979,-2.5417,8.75,-2.5124,8.8125
ML2/56,,-2.48125,5.7521,-2.4875,5.7417,-2.475,5.7625
ML2/55,,-2.1562500000000004,5.77295,-2.1667,5.7667,-2.1458,5.7792
ML2/57,,-2.6125000000000003,5.7437499999999995,-2.6208333333,5.7375,-2.6041666667,5.75
SSML-AK5 14/2024,,-0.7981250000312501,6.1786805555631945,-0.8,6.1766666667,-0.7966666667,6.18
PL-5/815,,-0.3327777778,6.102499999999999,-0.4163888889,6.0688888889,-0.2491666667,6.1361111111
PL5/788,,-0.3208745066793919,6.17416099147632,-0.4156,6.1361,-0.2489,6.2133
SSML-B11 2/2023,,-2.2826430693069306,6.934401980198021,-2.2842,6.9317,-2.2817,6.9367
SSML-B11 3/2023,,-2.281234,6.936233999999999,-2.2833,6.9342,-2.28,6.9375
QL.3/596,,-0.5195833333500001,5.41708333335,-0.52,5.4166666667,-0.5191666667,5.4175
PL6/796,,-1.0270092592632358,6.58067592590552,-1.0583333333,6.5333333333,-1.0,6.6458333333
MC./SSMP/APL-0-6-632,,-1.44260416666875,6.3915624999812515,-1.445,6.3908333333,-1.4408333333,6.3925
ML2/43,,-2.5005379499249254,5.625342331771046,-2.525,5.5833333333,-2.475,5.6666666667
ML2/45,,-2.545119327048683,5.626281298892405,-2.5708333333,5.5833333333,-2.5208333333,5.6666666667
PL (G)-2/833,,-1.5856371212904559,5.089029996897943,-1.6,5.0625,-1.5708,5.1167
SSML-T2 21/2024,,-2.2203735059760956,5.243230478087648,-2.2217,5.2417,-2.2192,5.245
xx,,0.39333333335,6.705416666700001,0.3925,6.7041666667,0.3941666667,6.7066666667
ML3/239,,-1.0611145320099118,5.246254105097707,-1.0958333333,5.2166666667,-1.0291666667,5.2833333333
SSML-B11 4/2023,,-2.284694000000001,6.933057636363636,-2.2858,6.9308,-2.2833,6.935
PLI-5/12,,-1.0576472055699004,6.103480538913315,-1.0833333333,6.075,-1.025,6.1375
SSML-AS2 31/2023,,-2.1281250000000003,5.650425,-2.13,5.6492,-2.1267,5.6517
SSMP/AR/2106,,-1.8083333333500002,6.44083333335,-1.81,6.44,-1.8066666667,6.4416666667
SSML-T2 2/2025,,-1.9718822206095792,5.3181920899854855,-1.9733,5.3167,-1.9708,5.32
PL6/506,,-1.827329396302736,6.607496719159989,-1.85,6.55,-1.8083333333,6.6666666667
PL6/505,,-1.846747076003324,6.47554824559954,-1.8666666667,6.4541666667,-1.8333333333,6.4958333333
QL.8/12,,-0.8674456521716446,10.576105072465689,-0.87,10.5741666667,-0.865,10.5783333333
SSML-AK5 6/2024,,-0.67835,6.048750000000001,-0.68,6.0475,-0.6767,6.05
SSML-B11 1/2023,,-2.2867184085510686,6.932459144893111,-2.2875,6.9292,-2.2858,6.935
ML6/232,,-1.9859879032417274,6.572110215038409,-2.0166666667,6.5458333333,-1.9541666667,6.6
PL (G)-5/820,,-0.9122228987894576,6.596399174456021,-0.925,6.575,-0.8958,6.6167
PL12/804,,-2.1448535007860947,7.36146308981674,-2.1666666667,7.3125,-2.1041666667,7.4166666667
PL3/794,,-1.3600911232327895,5.343416003257001,-1.3833,5.3333,-1.3375,5.3583
PL3/793,,-1.4380992186679546,5.363051474449183,-1.475,5.35,-1.4,5.3833
PL3/799,,-0.8917815036141129,5.2872517211765535,-0.9125,5.25,-0.875,5.325
PL3/800,,-0.9333974007561437,5.291818218336484,-0.9583,5.25,-0.9083,5.3333
PL3/797,,-0.8501770142988704,5.30800070980447,-0.875,5.25,-0.8167,5.3625
SSML-AK5 3/2023,,-0.6431944444759259,6.334953703710494,-0.6441666667,6.3333333333,-0.6416666667,6.3366666667
RML-N-5/164,,0.00042372879777355415,6.333954802243343,-0.0025,6.3291666667,0.0033333333,6.3383333333
ML2/236,,-2.325286697250643,5.202847859351716,-2.3541666667,5.1541666667,-2.2958333333,5.2541666667
APL-M-100,,-2.6049479167015623,5.478385416598439,-2.6166666667,5.4458333333,-2.5875,5.5125
APL-M-101,,-2.5697368421412876,5.813706140330346,-2.6041666667,5.775,-2.5291666667,5.8375
SSML-O6 15/2024,,-1.6616499999999998,6.309728000000001,-1.6633,6.3083,-1.66,6.3117
ML6/228,,-1.5310023310229448,6.00166083916274,-1.5666666667,5.95,-1.4875,6.0625
QL.6/577,,-1.6595833333000003,6.2925,-1.6608333333,6.2916666667,-1.6583333333,6.2933333333
RML-QL-1/292,,0.23083333335,5.861249999999999,0.23,5.8608333333,0.2316666667,5.8616666667
SSML-AS2 13/2024,,-2.1549171641791043,5.652601492537312,-2.1567,5.6517,-2.1525,5.6533
ML5/223,,-0.4546568627064879,6.28247549023313,-0.475,6.2666666667,-0.4458333333,6.3041666667
MLLAYER/222,,-2.146043215929801,6.292772531011632,-2.1792,6.2625,-2.1083,6.3167
ML2/229,,-2.050075437567779,5.100623303636731,-2.0958,5.075,-2.0083,5.1208
ML2/230,,-2.088069809471496,5.682576288409965,-2.1208,5.6542,-2.0542,5.7083
QL.8/21,,-0.28083333335,9.89833333335,-0.2825,9.8966666667,-0.2791666667,9.9
QL.6/586,,-1.1793269230991126,6.58881410255503,-1.1816666667,6.5866666667,-1.1775,6.59
ML3/233,,-1.9481060605919407,6.007702020195798,-1.9791666667,5.9666666667,-1.9166666667,6.0333333333
MC.SSMP/ER/656,,-0.7393560605793389,6.299962121204134,-0.7408333333,6.2975,-0.7383333333,6.3016666667
QL2/31,,-1.6471428571479594,5.073630952382652,-1.6491666667,5.0716666667,-1.6458333333,5.0758333333
QL.14/2,,0.32125000000000004,7.805833333350001,0.32,7.8041666667,0.3225,7.8075
SSML-T2 63/2024,,-2.2448333333380006,5.060416666650002,-2.2466666667,5.0583333333,-2.2425,5.0625
PL5/787,,-0.949063455649234,6.4950879205006355,-0.9625,6.4583333333,-0.9333333333,6.5291666667
RML-N-1/181,,0.06934523807857136,6.054285714264285,0.0675,6.0525,0.0708333333,6.0558333333
SSML-O6 9/2023,,-1.6982000000000002,5.975549999999999,-1.7,5.975,-1.6958,5.9767
RML-N-6/169,,-1.1828429006085195,6.5873929006085215,-1.1842,6.585,-1.18,6.59
SSML-AS2 5/2024,,-1.9983499999999998,5.87165,-2.0,5.8708,-1.9967,5.8725
SSML-AS2 1/2024,,-2.15141666665,5.631583333319999,-2.1525,5.6308333333,-2.15,5.6325
RML-QL-1/296,,0.2685880952380953,5.822261904761906,0.2675,5.8208,0.2692,5.8242
RML-QL-GH/299,,0.29359930747922436,5.929070221606649,0.2925,5.9283,0.295,5.93
SSML-BT9 9/2024,,-0.9183333332999999,10.715833333350002,-0.9208333333,10.715,-0.9158333333,10.7166666667
SSML-BT9 7/2024,,-0.9101388888888889,10.710972222238889,-0.9116666667,10.71,-0.9083333333,10.7125
SSMP/9/388,,-0.9125,10.7166666667,-0.9133333333,10.7141666667,-0.9116666667,10.7191666667
SSML-BT9 8/2024,,-0.9104166667000001,10.717083333300002,-0.9116666667,10.7158333333,-0.9091666667,10.7183333333
SSML-BT9 2/2024,,-0.9170833333,10.71333333335,-0.9183333333,10.7116666667,-0.9158333333,10.715
SSML-T2 20/2024,,-2.182604166659375,5.259062499990626,-2.1833333333,5.2566666667,-2.1816666667,5.2608333333
SSML-T2 22/2024,,-2.1904166667,5.2700000000000005,-2.1916666667,5.2691666667,-2.1891666667,5.2708333333
ML6/238,,-1.8703174568158438,6.127575058217367,-1.8833,6.075,-1.85,6.175
SSML-BT9 6/2024,,-0.8972222221833338,10.72819444440833,-0.9,10.7258333333,-0.8958333333,10.73
RML-N25-1/102,,0.05305555552222221,5.824861111136111,0.0508333333,5.8233333333,0.0558333333,5.8266666667
MC/SSMP/9/391,,-0.9174999999500001,10.709583333299998,-0.9183333333,10.7083333333,-0.9158333333,10.7116666667
RML-N-LAYER/173,,-2.4151041666546873,9.314979166667813,-2.4183333333,9.3125,-2.4125,9.3183333333
QL.5/208,,-0.40291666665000003,5.7729166667000005,-0.405,5.7716666667,-0.4008333333,5.7741666667
QL.7/27,,-2.9735119047846936,6.954226190459184,-2.975,6.9533333333,-2.9716666667,6.955
RML-QL-1/303,,0.26249999999999996,5.84458333335,0.2616666667,5.8441666667,0.2633333333,5.845
SSML-BT9 4/2024,,-0.709999999941667,10.699027777752777,-0.7108333333,10.6975,-0.7083333333,10.7008333333
QL.12/8,,-2.525269607830104,6.883946078424567,-2.5275,6.8825,-2.5233333333,6.8858333333
SSML-O6 3/2024,,-2.033842592602469,6.19689814812284,-2.0358333333,6.1958333333,-2.0325,6.1983333333
SSML-O6 25/2024,,-2.0177314815179015,6.216342592571604,-2.0191666667,6.215,-2.0166666667,6.2183333333
SSML-O6 27/2024,,-2.03085,6.19705,-2.0325,6.1958,-2.0292,6.1983
SSML-O6 23/2024,,-2.0320833333,6.2,-2.0333333333,6.1983333333,-2.0308333333,6.2016666667
SSML-O6 8/2024,,-2.0316666666499996,6.1945833333,-2.0333333333,6.1933333333,-2.03,6.1958333333
SSML-O6 5/2024,,-2.035069444447222,6.194444444409724,-2.0375,6.1933333333,-2.0333333333,6.1958333333
ML-2/240,,-1.8391545070222215,5.373551048533332,-1.875,5.3333,-1.8083,5.4167
SSML-O6 22/2024,,-2.0285648148339512,6.204120370354321,-2.0308333333,6.2033333333,-2.0266666667,6.205
PL9/13,,-0.6890625000017186,10.819374999995564,-0.7666666667,10.7708333333,-0.625,10.875
SSML-B11 13/2024,,-2.3268475395430586,6.413767574692443,-2.3283,6.4125,-2.3258,6.4158
SSML-T2 24/2024,,-2.2054166666999997,5.238333333349999,-2.2066666667,5.2366666667,-2.2041666667,5.24
RML-QL-5/296,,-0.11937955523672888,5.888032639885223,-0.1208,5.8867,-0.1175,5.8892
RML-QL-1/293,,0.015000000000000001,5.98125,0.0142,5.9808,0.0158,5.9817
RML-N-LAYER/179,,-2.1404536809815946,7.585337423312881,-2.1425,7.5833,-2.1392,7.5875
PL-I-3/21,,-1.2915429984976576,5.269530060898952,-1.3125,5.2083333333,-1.2666666667,5.3125
PL-I-GH/22,,-1.1082999999999998,5.325,-1.1458,5.3083,-1.0708,5.3417
PL-I-3/25,,-0.59375,5.535416666650001,-0.6416666667,5.5,-0.5458333333,5.5708333333
PL-I-3/26,,-0.7266147416353368,5.460973910871252,-0.7875,5.4041666667,-0.6666666667,5.5041666667
PL5/299,,-1.0801282051281067,6.369391025636685,-1.1083333333,6.3583333333,-1.0541666667,6.3791666667
PL6/786,,-1.9495039682313489,6.170833333339286,-1.9708333333,6.15,-1.9166666667,6.1958333333
SSML-O6 5/2023,,-2.154659090916115,6.379659090916117,-2.1566666667,6.3775,-2.1525,6.3816666667
SSML-O6 6/2023,,-2.155113636366116,6.356174242421075,-2.1566666667,6.355,-2.1533333333,6.3575
MC/SSMP/AR/49,,-1.2237500000000001,6.630000000000001,-1.2258333333,6.6291666667,-1.2216666667,6.6308333333
QL.5/155,,-0.408425925919753,5.8132407407608016,-0.4116666667,5.8116666667,-0.4058333333,5.815
RML-N25-10/99,,-2.45666666665,10.03375,-2.4583333333,10.0325,-2.455,10.035
SSML-B11 14/2024,,-2.278419117647058,6.287830882352941,-2.28,6.2867,-2.2767,6.2892
SSML-O6 10/2024,,-1.6781593220338986,6.266631355932202,-1.6792,6.2642,-1.6775,6.2683
SSML-O6 9/2024,,-1.681423313343328,6.2641781859070464,-1.6825,6.2608,-1.6808,6.2667
SSML-O6 11/2024,,-1.6796590908842974,6.26511363638099,-1.6808333333,6.2633333333,-1.6783333333,6.2666666667
RML-N-5/156,,-0.8787408759071262,5.865678223869684,-0.8875,5.8591666667,-0.8708333333,5.8716666667
PL2/647,,-2.1242584745727378,5.3727048022400306,-2.1458333333,5.3416666667,-2.1083333333,5.4
PL-LAYER/812,,-2.480160744520895,8.807497884921892,-2.5125,8.75,-2.4291666667,8.8583333333
PL2/720,,-1.7870238095605309,5.03019841269901,-1.8166666667,5.0,-1.75,5.0666666667
PL (G)-3/823,,-1.0882663487180069,5.309145095405689,-1.1458333333,5.2666666667,-1.0333333333,5.3541666667
SSML-B11 6/2024,,-2.256339315726291,6.87678493397359,-2.2592,6.8758,-2.2542,6.8783
SSML-B11 7/2024,,-2.253561764705882,6.877238235294118,-2.2542,6.8758,-2.2525,6.8783
RML-I-4/9,,0.1534929078048778,6.113856382974707,0.1475,6.1075,0.1633333333,6.1208333333
PL (G)-GH/820,,-0.548575314980534,5.479689289802223,-0.5833333333,5.3833333333,-0.4958333333,5.5458333333
PL (G)-2/837,,-2.4553133075055493,5.378859819088848,-2.5,5.3333333333,-2.4166666667,5.4208333333
PL-2/807,,-2.250718390806094,5.109410919536295,-2.2625,5.0833333333,-2.2291666667,5.1291666667
RML-QL-5/279,,-0.87166666665,6.14625,-0.8733333333,6.145,-0.87,6.1475
RML-QL-4/280,,1.0645833333,6.12333333335,1.0633333333,6.1225,1.0658333333,6.1241666667
RML-N-12/170,,-2.5161363636041334,6.8833712121243815,-2.5183333333,6.8808333333,-2.5133333333,6.885
SSML-O6 26/2024,,-2.0309939999999997,6.1919059999999995,-2.0317,6.19,-2.03,6.1933
SSML-T2 27/2024,,-2.23416666665,5.23333333335,-2.2358333333,5.2325,-2.2325,5.2341666667
RML-N-1/167,,-0.2914428675344806,5.537287117897027,-0.3016666667,5.5233333333,-0.28,5.55
SSML-T2 28/2024,,-2.23416666665,5.23666666665,-2.2358333333,5.2358333333,-2.2325,5.2375
SSML-O6 24/2024,,-2.034058215297451,6.192213172804532,-2.035,6.1908,-2.0333,6.1933
MC/SSMP/12/224,,-2.3775,6.9345833333,-2.3791666667,6.9333333333,-2.3758333333,6.9358333333
MC/SSMP/ER/946,,-0.9941666666500001,6.4470833333,-0.9958333333,6.4458333333,-0.9925,6.4483333333
PL-2/805,,-1.8986017351670836,5.3464840147886505,-1.9417,5.2958,-1.8625,5.3917
SSML-O6 18/2023,,-1.3595500000000003,6.3775,-1.3608,6.3758,-1.3583,6.3792
SSML-O6 24/2023,,-1.3541500000000002,6.37705,-1.3558,6.3758,-1.3525,6.3783
SSML-O6 22/2023,,-1.3554500000000005,6.38,-1.3567,6.3783,-1.3542,6.3817
SSML-O6 19/2023,,-1.358959322033898,6.374809322033899,-1.3608,6.3733,-1.3575,6.3758
RML-N25-5/103,,-0.3556439393462813,6.104962121230166,-0.3583333333,6.1033333333,-0.3525,6.1066666667
PL2/803,,-2.498015873007171,5.8278273809518515,-2.5291666667,5.7875,-2.4708333333,5.8791666667
PL6/802,,-1.8842261904661806,6.410119047628278,-1.925,6.4,-1.8375,6.425
PL2/621,,-3.192431055173221,6.77276678659562,-3.2291666667,6.75,-3.1625,6.7916666667
PL (G)-6/827,,-2.0744862740855847,6.614599677730077,-2.1042,6.5583,-2.0333,6.6667
RML-QL 2/2023,,-0.6306944444444446,5.524305555555556,-0.6316666667,5.5233333333,-0.63,5.525
ML-2/234,,-2.263746202835857,5.192374715404951,-2.2958,5.1542,-2.2167,5.2375
RML-N25-6/102,,-1.653939393927686,6.7787500000136385,-1.6558333333,6.7758333333,-1.6525,6.7816666667
RML-N25-3/102,,-1.0920833333,5.24833333335,-1.0933333333,5.2475,-1.0908333333,5.2491666667
RML-QL-3/298,,-1.0104,5.68625,-1.0108,5.6858,-1.01,5.6867
PL-I-3/15,,-0.6727904040432505,5.348674242434434,-0.6875,5.3291666667,-0.6541666667,5.3625
SSML-T2 2/2024,,-2.1483333333500005,5.32125,-2.15,5.32,-2.1466666667,5.3225
SSML-B11 16/2024,,-2.828194444444444,6.329305555555555,-2.8291666667,6.3283333333,-2.8275,6.33
SSML-B11 15/2024,,-2.826527777761111,6.332638888872222,-2.8275,6.3316666667,-2.8258333333,6.3333333333
SSML-AS2 34/2023,,-1.9861785151116955,5.8532448751642585,-1.9875,5.8517,-1.985,5.855
SSML-AS2 36/2023,,-1.9892695219123504,5.852126494023905,-1.9908,5.8508,-1.9875,5.8533
SSML-AS2 35/2023,,-1.9924621212121212,5.851649999999999,-1.995,5.85,-1.9908,5.8533
SSML-AS2 33/2023,,-1.9944194638694641,5.852773193473194,-1.9967,5.8508,-1.9925,5.8542
RML-N-5/172,,-0.41222222220555566,5.778055555572224,-0.4141666667,5.7766666667,-0.4108333333,5.78
SSML-AS2 37/2023,,-2.0216882470119524,5.7967828021248335,-2.0233,5.795,-2.02,5.7992
PL10/47,,-2.57083333335,10.06666666665,-2.6166666667,10.0,-2.525,10.1333333333
SSML-B11 12/2024,,-2.3698971788715495,6.840380372148859,-2.3725,6.8392,-2.3683,6.8425
RML-N25-5/102,,-0.4738987297921478,6.021516974595845,-0.4758,6.0208,-0.4725,6.0225
SSML-BT9 15/2024,,-1.48,10.36045,-1.4833,10.3592,-1.4767,10.3617
RML-I25-10/19,,-2.4395833333500003,10.04375,-2.4416666667,10.0416666667,-2.4375,10.0458333333
SSML-O6 7/2024,,-2.0224999999999995,6.194999999999999,-2.0242,6.1942,-2.0208,6.1958
SSML-O6 12/2024,,-2.02625,6.18625,-2.0275,6.185,-2.025,6.1875
SSML-O6 6/2024,,-2.026025,6.184375,-2.0275,6.1833,-2.025,6.185
SSML-O6 4/2024,,-2.0225,6.193350000000001,-2.0242,6.1925,-2.0208,6.1942
ML-2/244,,-2.2183990302888006,5.181742331533225,-2.2333,5.1458,-2.2042,5.2042
PL (G)-5/830,,-1.0365557554406266,5.758198441211816,-1.0916666667,5.7333333333,-1.0,5.7833333333
PL-5/816,,-0.34473660100195314,6.236629167020464,-0.3875,6.2125,-0.3167,6.2542
SSML-O6 17/2023,,-1.815,6.002499999999999,-1.8166666667,6.0016666667,-1.8133333333,6.0033333333
SSML-O6 16/2023,,-1.8143055555444445,6.0204166667,-1.815,6.0175,-1.8133333333,6.0225
SSML-O6 15/2023,,-1.8111458333265624,6.024687499967188,-1.8125,6.0233333333,-1.81,6.0258333333
SSML-O6 14/2023,,-1.80858333335,6.024083333319999,-1.81,6.0233333333,-1.8075,6.025
PL-LAYER/813,,-2.083679056185003,8.10608074291729,-2.1292,8.0667,-2.0292,8.1417
PL-LAYER/812,,-2.1394833484799136,7.830339931240248,-2.1833,7.8083,-2.1,7.8708
PL-LAYER/811,,-2.102578382859558,7.96643976894203,-2.1166666667,7.9,-2.0625,8.0
SSML-AS2 2/2024,,-2.7512499999999993,5.23205,-2.7525,5.2308,-2.75,5.2333
SSML-AS2 8/2024,,-2.7487500000000002,5.23205,-2.75,5.2308,-2.7475,5.2333
SSML-AS2 11/2024,,-2.74705,5.22875,-2.7483,5.2275,-2.7458,5.23
SSML-AS2 7/2024,,-2.7467780000000004,5.231522,-2.7483,5.23,-2.7458,5.2333
SSML-AS2 10/2024,,-2.7448421568627457,5.228466666666666,-2.7458,5.2275,-2.7433,5.23
SSML-AS2 6/2024,,-2.655,5.3475,-2.6558,5.3458,-2.6542,5.3492
SSML-AS2 4/2024,,-2.6570500000000004,5.34705,-2.6583,5.3458,-2.6558,5.3483
SSML-AS2 12/2024,,-2.65955,5.349550000000001,-2.6608,5.3483,-2.6583,5.3508
SSML-AS2 9/2024,,-2.657161247443763,5.349313599182004,-2.6583,5.3483,-2.6558,5.3508
SSML-AS2 3/2024,,-2.6592641486810553,5.3473185851318945,-2.6608,5.3458,-2.6583,5.3483
PL (G)-5/819,,-0.5927515361530689,5.940793010758963,-0.6666666667,5.9166666667,-0.5416666667,6.0
SSML-AK5 3/2024,,-0.5011393309222424,6.139654159132008,-0.5025,6.1383,-0.5,6.1408
SSML-AK5 5/2024,,-0.50125,6.142049999999999,-0.5025,6.1408,-0.5,6.1433
SSML-AK5 2/2024,,-0.5036710449927431,6.141896734397678,-0.505,6.14,-0.5025,6.1433
SSML-AK5 1/2024,,-0.5037499999999999,6.145000000000001,-0.505,6.1433,-0.5025,6.1467
SSML-AK5 4/2024,,-0.50125,6.145,-0.5025,6.1433,-0.5,6.1467
PL-I-2/20,,-1.843899764591584,5.5857414110625925,-1.8667,5.5542,-1.825,5.6292
PL (G)-3/828,,-1.0590141018563903,5.712133864489695,-1.0917,5.6917,-1.0292,5.7292
PL (G)-4/845,,0.8625,6.214583333349999,0.8083333333,6.1791666667,0.9166666667,6.25
RML-QL-GH/301,,-1.6275,5.1246,-1.6283,5.1242,-1.6267,5.125
ML-LAYER/241,,-2.9200317604252013,7.241694487836474,-2.9542,7.2167,-2.8833,7.2625
MC/SSMP/2/2480,,-1.725,5.52125,-1.7266666667,5.52,-1.7233333333,5.5225
SSML-T2 65/2024,,-2.229097222218056,4.915069444465278,-2.2308333333,4.9133333333,-2.2275,4.9166666667
MC/SSMP/ER/1191,,-1.00625,6.444999999999999,-1.0075,6.4441666667,-1.005,6.4458333333
MC/SSMP/ER/1195,,-0.9933333333500001,6.442500000000001,-0.995,6.4416666667,-0.9916666667,6.4433333333
MC/SSMP/ER/1190,,-1.00125,6.44333333335,-1.0025,6.4416666667,-1.0,6.445
SSML-BT9 16/2024,,-0.775978,10.719021999999999,-0.7767,10.7183,-0.775,10.72
SSML-BT9 17/2024,,-0.7779499999999999,10.719549999999998,-0.7792,10.7183,-0.7767,10.7208
QL6/548,,-1.6376321138490926,6.283475609742222,-1.6416666667,6.28,-1.6325,6.2883333333
PL (G)-3/843,,-2.1796212121356042,6.170719696987009,-2.2,6.1291666667,-2.1666666667,6.2125
PL (G)-5/825,,-0.8742960661345497,6.447626852907639,-0.8917,6.4292,-0.85,6.4583
ML-9/241,,-0.4494138418111402,10.713891242933482,-0.5,10.675,-0.3916666667,10.7583333333
RML-N-5/184,,-0.39499999999999996,5.866249999999999,-0.3966666667,5.865,-0.3933333333,5.8675
PL (G)-GH/822,,-2.2677732443284375,7.813730217622015,-2.3291666667,7.7875,-2.2125,7.8416666667
PL (G)-5/820,,-0.6365708137845841,6.472642801278858,-0.675,6.4375,-0.5916666667,6.5041666667
SSML-T2 11/2024,,-2.142219162995595,5.31085,-2.1433,5.3092,-2.1408,5.3125
SSML-T2 9/2024,,-2.1385242363877826,5.317860225763613,-2.14,5.3167,-2.1358,5.32
PL (G)-9/832,,-1.0164339346984963,10.789236567382096,-1.0417,10.7333,-0.9875,10.8417
QL.1/1223,,-0.010833333349999998,5.8745833333,-0.0125,5.8733333333,-0.0091666667,5.8758333333
SSML-T2 18/2025,,-2.2145833333000002,4.93833333335,-2.2158333333,4.9375,-2.2133333333,4.9391666667
SSML-T2 19/2025,,-2.2215833333329997,4.947083333314999,-2.2233333333,4.9458333333,-2.22,4.9491666667
SSML-T2 21/2025,,-2.2145833333,4.9399999999999995,-2.2158333333,4.9391666667,-2.2133333333,4.9408333333
SSML-T2 20/2025,,-2.22208333335,4.94375,-2.2225,4.9433333333,-2.2216666667,4.9441666667
PL (G)-5/824,,-0.8587791120782174,5.929976346438636,-0.9041666667,5.8791666667,-0.8041666667,5.9958333333
PL (G)-5/826,,-0.7630428403819097,5.9572329812259115,-0.8125,5.9125,-0.725,6.0
RML-QL-4/295,,0.34511363638099163,6.616704545442147,0.3433333333,6.615,0.3466666667,6.6183333333
SSML-T2 30/2024,,-2.37343750001875,5.052395833331251,-2.3741666667,5.05,-2.3725,5.0541666667
SSML-BT9 14/2024,,-0.5079,10.699549999999999,-0.51,10.6983,-0.5058,10.7008
SSML-T2 10/2024,,-2.1489560606060603,5.28105606060606,-2.15,5.2792,-2.1475,5.2833
SSMP-NIM-3/1853,,-1.54875,5.84,-1.55,5.8383333333,-1.5475,5.8416666667
SSML-K7 1/2024,,-2.044478515111695,7.270744875164255,-2.0458,7.2692,-2.0433,7.2725
PL (G)-9/831,,-0.9224999999935,10.754583333321499,-0.9375,10.7458333333,-0.9083333333,10.7625
PL (G)-9/834,,-1.1543667219051315,10.681347216983786,-1.1958,10.6458,-1.1167,10.7375
PL (G)-9/829,,-1.4936688248095755,10.694581322306853,-1.5292,10.6042,-1.4167,10.7708
MLG-12/7,,-2.39791666666875,6.866145833321873,-2.4083333333,6.8625,-2.3875,6.8708333333
QL.3/563,,-1.2891287878632227,5.238143939379751,-1.29,5.2358333333,-1.2883333333,5.2408333333
MLG-GH/2,,-0.15194444444833333,7.5127777778,-0.1938888889,7.4652777778,-0.124444444445,7.5413888889
MLG-GH/3,,-0.6385083333333332,7.863469444444443,-0.6409111111111111,7.860805555555555,-0.634675,7.866069444444444
SSML-O6 21/2024,,-2.022412195121951,6.182225609756097,-2.0233,6.1808,-2.0217,6.1833
MLF 24/2,,-2.0195833333440003,6.295833333349999,-2.025,6.2875,-2.0125,6.3041666667
SSML-T2 8/2025,,-2.301362,4.934550000000001,-2.3033,4.9333,-2.2992,4.9358
SSML-T2 6/2025,,-2.3176316644993493,4.934634265279584,-2.3192,4.9333,-2.3158,4.9358
SSML-T2 34/2024,,-2.3315304780876493,4.934626494023905,-2.3333,4.9333,-2.33,4.9358
SSML-T2 3/2025,,-2.3210416666812503,4.9343749999687505,-2.3233333333,4.9333333333,-2.3191666667,4.9358333333
PL (G)-2/827,,-2.195701951981682,5.028284534580481,-2.225,4.9958333333,-2.1666666667,5.075
SSML-T2 62/2024,,-1.8924999999999998,4.91583333335,-1.8933333333,4.915,-1.8916666667,4.9166666667
RML(G)-5/37,,-0.35791666665,6.107500000000001,-0.3583333333,6.1058333333,-0.3575,6.1091666667
RML(G)-5/36,,-0.28860507246710776,5.855525362300758,-0.2908333333,5.8533333333,-0.2866666667,5.8575
MC./SSMP/9/373,,-0.8981439393549588,10.72170454543719,-0.9008333333,10.7208333333,-0.8958333333,10.7225
SSML-T2 19/2024,,-2.0010000000150003,5.287583333334999,-2.0025,5.2858333333,-2.0,5.29
PL-I-LAYER/37,,-2.045435758858454,7.947760023559544,-2.125,7.85,-1.9583,8.0
PL-I-12/38,,-2.456342182904133,6.52400442478802,-2.5,6.5,-2.4166666667,6.5541666667
PL (G)-7/827,,-2.7682516611082923,7.21980204877716,-2.8083333333,7.1666666667,-2.7333333333,7.2916666667
ML2/16,,-2.11666666665,5.4625,-2.1208333333,5.4583333333,-2.1125,5.4666666667
SSML-T2 51/2024,,-2.1887499999999998,4.9571,-2.19,4.9567,-2.1875,4.9575
SSML-T2 35/2024,,-2.1845499999999998,4.95165,-2.1858,4.95,-2.1833,4.9533
SSML-T2 45/2024,,-2.2106524604569424,4.955634885764498,-2.2133,4.9542,-2.2083,4.9567
SSML-T2 42/2024,,-2.200850000000001,4.954847326203209,-2.2025,4.9533,-2.2,4.9575
SSML-T2 54/2024,,-2.2031250000000004,4.9520833333125,-2.2041666667,4.9508333333,-2.2025,4.9533333333
SSML-T2 50/2024,,-2.205025657894737,4.9597625,-2.2058,4.9575,-2.2033,4.9625
SSML-T2 44/2024,,-2.221022727252892,4.94503787878967,-2.2233333333,4.9441666667,-2.2183333333,4.9458333333
SSML-T2 32/2024,,-2.2287500000000002,4.94,-2.23,4.9392,-2.2275,4.9408
SSML-T2 41/2024,,-2.23541666665,4.940416666650001,-2.2358333333,4.94,-2.235,4.9408333333
SSML-T2 37/2024,,-2.229027777761112,4.945138888872223,-2.23,4.9441666667,-2.2283333333,4.9458333333
SSML-T2 49/2024,,-2.224829007633588,4.943386641221374,-2.2275,4.9425,-2.2225,4.9442
SSML-T2 52/2024,,-2.23915,4.94205,-2.2408,4.9408,-2.2375,4.9433
SSML-T2 31/2024,,-2.2233499999999995,4.941446745027124,-2.225,4.94,-2.2217,4.9425
SSML-T2 39/2024,,-2.2312499999999997,4.941079555236729,-2.2325,4.9392,-2.23,4.9433
SSML-T2 43/2024,,-2.2255645161290323,4.945120967741936,-2.2275,4.9442,-2.2233,4.9467
SSML-T2 33/2024,,-2.2426778656126483,4.940914031620554,-2.2442,4.94,-2.2408,4.9417
SSML-T2 38/2024,,-2.2375000000000003,4.944583333300001,-2.2391666667,4.9433333333,-2.2358333333,4.9458333333
SSML-T2 48/2024,,-2.23625,4.942083333299999,-2.2375,4.9408333333,-2.235,4.9433333333
SSML-O6 16/2024,,-1.7442,6.35335,-1.7467,6.3525,-1.7417,6.3542
QL3/695,,-1.1941666667000002,5.2675,-1.1966666667,5.2658333333,-1.1916666667,5.2691666667
SSMP-NIM-3/1858,,-1.5608499999999998,5.674549999999999,-1.5625,5.6733,-1.5592,5.6758
SSMP-NIM-3/1856,,-1.632134265279584,5.735131664499351,-1.6333,5.7333,-1.6308,5.7367
SSMP-NIM-3/1859,,-1.62865303030303,5.73175909090909,-1.63,5.73,-1.6275,5.7333
SSMP-NIM-3/1857,,-1.63415,5.7379500000000005,-1.6358,5.7367,-1.6325,5.7392
SSMP-NIM-3/1861,,-1.6212499999999999,5.747916666649999,-1.6225,5.7458333333,-1.62,5.75
SSMP-NIM-3/1860,,-1.6324999999999998,5.7254499999999995,-1.6342,5.7242,-1.6308,5.7267
SSMP-NIM-3/1862,,-1.6217803030049587,5.741174242428513,-1.6233333333,5.74,-1.62,5.7425
SSMP-NIM-3/1855,,-1.61455,5.719150000000001,-1.6158,5.7175,-1.6133,5.7208
SSMP-NIM-3/1854,,-1.557384318766067,5.6738286632390755,-1.5592,5.6725,-1.5558,5.675
SSMP-NIM-3/1863,,-1.6229166667,5.72333333335,-1.6241666667,5.7216666667,-1.6216666667,5.725
SSML-T2 16/2024,,-1.6947222222166674,5.507222222216667,-1.6966666667,5.5058333333,-1.6933333333,5.5091666667
SSML-T2 18/2024,,-1.6914131868131868,5.507376373626374,-1.6933,5.5058,-1.6892,5.5083
SSML-T2 5/2025,,-1.6707304780876495,5.507873505976097,-1.6725,5.5067,-1.6692,5.5092
SSML-T2 4/2025,,-1.6945999999999999,5.503349999999999,-1.6967,5.5025,-1.6925,5.5042
SSML-T2 17/2024,,-1.6895833333,5.515000000000001,-1.6908333333,5.5133333333,-1.6883333333,5.5166666667
SSML-T2 40/2024,,-1.6863378048780484,5.510274390243902,-1.6875,5.5083,-1.685,5.5117
SSML-T2 36/2024,,-1.6886458333265624,5.510312500032812,-1.69,5.5091666667,-1.6875,5.5116666667
SSML-T2 46/2024,,-1.684449152542373,5.512799152542373,-1.6867,5.5117,-1.6825,5.5142
SSML-T2 14/2024,,-1.6922166666666667,5.515283333333334,-1.6942,5.5133,-1.6908,5.5167
SSML-T2 29/2024,,-1.6951388889375003,5.512708333335417,-1.6966666667,5.5108333333,-1.6925,5.515
SSML-T2 15/2024,,-1.691736111111111,5.509513888863888,-1.6941666667,5.5083333333,-1.69,5.5108333333
SSML-T2 53/2024,,-1.6866287878483468,5.515643939428098,-1.6883333333,5.5141666667,-1.6841666667,5.5166666667
SSML-T2 7/2025,,-2.00045,4.925850000000001,-2.0017,4.925,-1.9992,4.9267
SSML-T2 9/2025,,-1.9970500000000002,4.93665,-1.9983,4.9358,-1.9958,4.9375
MLG-LAYER/6,,-2.1425499410677604,6.719121068307959,-2.1916666667,6.6666666667,-2.075,6.775
MLG-2/17,,-2.1318586142291815,5.6490870786559455,-2.15,5.625,-2.1041666667,5.675
SSML-AS2 2/2025,,-2.745535333333334,5.3271853333333326,-2.7492,5.3267,-2.7425,5.3283
SSML-T2 13/2024,,-2.1452083333218748,5.283958333321875,-2.1475,5.2833333333,-2.1425,5.285
SSML-T2 23/2024,,-2.144249999994,5.292249999988,-2.145,5.2908333333,-2.1433333333,5.2933333333
SSML-T2 25/2024,,-2.147222222197222,5.287638888930554,-2.1483333333,5.2858333333,-2.1458333333,5.2891666667
SSML-AS2 49/2024,,-2.1708333333499996,5.608750000000001,-2.1725,5.6075,-2.1691666667,5.61
MC/SSMP/2/1403,,-1.1045833333,5.2725,-1.1058333333,5.2708333333,-1.1033333333,5.2741666667
MC/SSMP/5/2217,,-0.5979166667,6.409999999999999,-0.5991666667,6.4083333333,-0.5966666667,6.4116666667
SSML-AK5 25/2022,,-0.6884722222224999,6.324444444449999,-0.69,6.3227777778,-0.686944444445,6.3261111111
SSML-T2 56/2024,,-1.7354166667,5.5125,-1.7366666667,5.5108333333,-1.7341666667,5.5141666667
SSML-T2 57/2024,,-1.7331018518450612,5.510231481482716,-1.7341666667,5.5075,-1.7308333333,5.5116666667
SSML-T2 59/2024,,-2.240568181850413,4.944204545414876,-2.2416666667,4.9416666667,-2.2391666667,4.9458333333
SSML-T2 58/2024,,-2.21375,4.9545833333,-2.2141666667,4.9533333333,-2.2133333333,4.9558333333
SSML-T2 60/2024,,-2.2101388889,4.960972222250001,-2.2116666667,4.9591666667,-2.2091666667,4.9625
SSML-T2 55/2024,,-2.212986111111806,4.944513888850695,-2.2141666667,4.9408333333,-2.2116666667,4.9483333333
SSML-T2 10/2025,,-1.6299166666740001,5.429500000024,-1.6308333333,5.4266666667,-1.6291666667,5.4316666667
SSML-T2 11/2025,,-1.7202499999999998,5.53133333332,-1.7216666667,5.5291666667,-1.7183333333,5.5325
SSML-AS2 42/2024,,-2.1020833333,5.9525,-2.1033333333,5.9508333333,-2.1008333333,5.9541666667
MLF 25/3,,-0.9814102564464493,6.445032051283136,-1.0125,6.4375,-0.9583333333,6.45
SSML-AK5 7/2025,,-0.5962500000000001,5.97625,-0.5975,5.975,-0.595,5.9775
SSML-AS2 44/2024,,-2.7379166667,5.200833333349999,-2.7391666667,5.1991666667,-2.7366666667,5.2025
SSML-AS2 45/2024,,-2.7360833333290002,5.205500000033,-2.7375,5.2041666667,-2.7341666667,5.2066666667
SSML-AS2 48/2024,,-2.7376893939326448,5.207462121215288,-2.74,5.2066666667,-2.735,5.2083333333
SSML-AS2 47/2024,,-2.7375,5.203416666679999,-2.74,5.2025,-2.735,5.2041666667
SSML-AS2 46/2024,,-2.7392361110993053,5.205277777805555,-2.7416666667,5.2041666667,-2.7375,5.2066666667
MLG-LAYER/8,,-2.9106060606305197,7.183143939385064,-2.9541666667,7.1583333333,-2.8625,7.2125
MLG-LAYER/10,,-2.8293981481289436,7.323276748990222,-2.875,7.2875,-2.7708333333,7.3583333333
SSML-AS2 33/2024,,-2.729107142841837,5.188988095239795,-2.73,5.1875,-2.7283333333,5.1908333333
SSML-AS2 32/2024,,-2.726845238072449,5.189940476194899,-2.7283333333,5.1891666667,-2.725,5.1908333333
SSML-AS2 41/2024,,-2.723392857158163,5.1868452380602035,-2.7241666667,5.185,-2.7225,5.1883333333
SSML-AS2 39/2024,,-2.7254166666999997,5.1862499999999985,-2.7266666667,5.185,-2.7241666667,5.1875
SSML-AS2 38/2024,,-2.726435185190741,5.188287037053704,-2.7283333333,5.1875,-2.7241666667,5.1891666667
SSML-AS2 34/2024,,-2.7274999999999996,5.186249999999999,-2.7283333333,5.185,-2.7266666667,5.1875
SSML-AS2 35/2024,,-2.72908333332,5.18641666665,-2.73,5.185,-2.7283333333,5.1875
SSML-AS2 36/2024,,-2.7256944444611104,5.183611111144444,-2.7266666667,5.1816666667,-2.725,5.185
SSML-AS2 37/2024,,-2.721607142841837,5.187083333307143,-2.7225,5.1858333333,-2.72,5.1891666667
SSML-T2 61/2024,,-1.87833333335,5.10125,-1.88,5.1,-1.8766666667,5.1025
QL.2/533,,-2.283402777795139,6.165208333356251,-2.285,6.1633333333,-2.2816666667,6.1666666667
QL.6/562,,-1.6908333333499999,6.2579166667,-1.6916666667,6.2566666667,-1.69,6.2591666667
MLG-2/16,,-1.941856060605727,5.3830357142944365,-1.9666666667,5.3541666667,-1.9166666667,5.4083333333
MLF 24/4,,-2.569580200506341,6.040914786939256,-2.6041666667,5.9958333333,-2.5333333333,6.0833333333
SSML-AK5 16/2024,,-0.8072916666395835,6.121319444450694,-0.8083333333,6.1191666667,-0.8058333333,6.1233333333
xxx,,-0.8041666666500001,6.11875,-0.8083333333,6.1125,-0.8,6.125
ML5/3,,-0.8838541666546875,6.524479166645312,-0.9,6.5,-0.8708333333,6.55
SSML-AK5 17/2024,,-0.8204861110812504,6.091180555572919,-0.8225,6.0891666667,-0.8183333333,6.0925
SSML-AK5 15/2024,,-0.8217499999519999,6.084083333308,-0.8233333333,6.0833333333,-0.82,6.085
SSML-T2 17/2025,,-1.9595833333,5.01083333335,-1.9608333333,5.0091666667,-1.9583333333,5.0125
MLG-5/13,,-0.7333333333500002,6.154166666700001,-0.75,6.1416666667,-0.7166666667,6.1666666667
ML5/25,,-0.8812500000062501,6.628124999971876,-0.9,6.6208333333,-0.8666666667,6.6375
SSML-AK5 1/2014,,-0.63375,6.340340909088429,-0.6358333333,6.3383333333,-0.6316666667,6.3425
